id	group	study_id	disease_group	shannon_entropy
#q2:types	categorical	categorical	categorical	numeric
ERR1331785	cfs	cfs_giloteaux2016	SFC	2.82642885506717
ERR1331792	cfs	cfs_giloteaux2016	SFC	2.91329325171436
ERR1331808	cfs	cfs_giloteaux2016	SFC	2.87016235817363
ERR1331819	cfs	cfs_giloteaux2016	SFC	4.51119478800584
ERR1331820	cfs	cfs_giloteaux2016	SFC	3.46621500097891
ERR1331821	cfs	cfs_giloteaux2016	SFC	4.49143428588782
ERR1331822	cfs	cfs_giloteaux2016	SFC	4.79639201482115
ERR1331823	cfs	cfs_giloteaux2016	SFC	2.49465207869808
ERR1331824	cfs	cfs_giloteaux2016	SFC	2.92289592869359
ERR1331825	cfs	cfs_giloteaux2016	SFC	4.02461942254361
ERR1331826	cfs	cfs_giloteaux2016	SFC	3.90385496969926
ERR1331827	cfs	cfs_giloteaux2016	SFC	2.40864394617929
ERR1331828	cfs	cfs_giloteaux2016	SFC	3.00362742463867
ERR1331831	cfs	cfs_giloteaux2016	SFC	4.02339542784993
ERR1331834	cfs	cfs_giloteaux2016	SFC	4.83498146489338
ERR1331835	cfs	cfs_giloteaux2016	SFC	4.7319987245045
ERR1331836	cfs	cfs_giloteaux2016	SFC	4.01616274927297
ERR1331837	cfs	cfs_giloteaux2016	SFC	4.40829273093998
ERR1331840	cfs	cfs_giloteaux2016	SFC	4.38948876218212
ERR1331841	cfs	cfs_giloteaux2016	SFC	4.64718962104006
ERR1331850	cfs	cfs_giloteaux2016	SFC	3.52399394063054
ERR1331854	cfs	cfs_giloteaux2016	SFC	3.0523066275126
ERR1331855	cfs	cfs_giloteaux2016	SFC	4.74951453740407
ERR1331858	cfs	cfs_giloteaux2016	SFC	3.52932590614704
ERR1331860	cfs	cfs_giloteaux2016	SFC	4.09235980817916
ERR1331862	cfs	cfs_giloteaux2016	SFC	4.07687693736751
ERR1331863	cfs	cfs_giloteaux2016	SFC	4.27591318098934
ERR1331864	cfs	cfs_giloteaux2016	SFC	2.43917987496889
ERR1331865	cfs	cfs_giloteaux2016	SFC	2.7777206137328
ERR1331867	cfs	cfs_giloteaux2016	SFC	2.87987179740458
ERR1331872	cfs	cfs_giloteaux2016	SFC	4.69867953433555
ERR1331786	controle	cfs_giloteaux2016	SFC	2.02689520819801
ERR1331787	controle	cfs_giloteaux2016	SFC	2.73466384014992
ERR1331788	controle	cfs_giloteaux2016	SFC	2.02146452743947
ERR1331789	controle	cfs_giloteaux2016	SFC	2.41571384976581
ERR1331790	controle	cfs_giloteaux2016	SFC	2.02570993642962
ERR1331791	controle	cfs_giloteaux2016	SFC	2.44518488720966
ERR1331793	controle	cfs_giloteaux2016	SFC	3.03641423980097
ERR1331794	controle	cfs_giloteaux2016	SFC	2.44312273777737
ERR1331796	controle	cfs_giloteaux2016	SFC	4.67165307405163
ERR1331797	controle	cfs_giloteaux2016	SFC	2.9275244534153
ERR1331798	controle	cfs_giloteaux2016	SFC	2.84007023467388
ERR1331799	controle	cfs_giloteaux2016	SFC	4.33064022401641
ERR1331802	controle	cfs_giloteaux2016	SFC	3.72037120068962
ERR1331803	controle	cfs_giloteaux2016	SFC	3.48656700585712
ERR1331804	controle	cfs_giloteaux2016	SFC	2.20965710869312
ERR1331805	controle	cfs_giloteaux2016	SFC	2.3969986917739
ERR1331806	controle	cfs_giloteaux2016	SFC	4.30657335357943
ERR1331807	controle	cfs_giloteaux2016	SFC	2.49543993460908
ERR1331809	controle	cfs_giloteaux2016	SFC	3.090837012823
ERR1331810	controle	cfs_giloteaux2016	SFC	3.9177448162422
ERR1331813	controle	cfs_giloteaux2016	SFC	1.65084105603737
ERR1331832	controle	cfs_giloteaux2016	SFC	2.48545379905351
ERR1331838	controle	cfs_giloteaux2016	SFC	3.60720735884391
ERR1331839	controle	cfs_giloteaux2016	SFC	2.32698755144937
ERR1331844	controle	cfs_giloteaux2016	SFC	3.72996269155238
ERR1331845	controle	cfs_giloteaux2016	SFC	4.5159945189588
ERR1331846	controle	cfs_giloteaux2016	SFC	3.95778863311003
ERR1331847	controle	cfs_giloteaux2016	SFC	3.21949171761127
ERR1331848	controle	cfs_giloteaux2016	SFC	3.90072335170706
ERR1331849	controle	cfs_giloteaux2016	SFC	2.75510844049709
ERR1331851	controle	cfs_giloteaux2016	SFC	3.61263295834698
ERR1331859	controle	cfs_giloteaux2016	SFC	3.31599382268222
ERR1331866	controle	cfs_giloteaux2016	SFC	3.29969776440322
ERR1331868	controle	cfs_giloteaux2016	SFC	1.80580078838565
ERR1331869	controle	cfs_giloteaux2016	SFC	2.40276988427175
ERR1331870	controle	cfs_giloteaux2016	SFC	4.19270126785058
ERR1331871	controle	cfs_giloteaux2016	SFC	4.02184013931457
ERR2585973	controle	endo_ata2019	Endometriose	4.22550034462914
ERR2585974	controle	endo_ata2019	Endometriose	5.07550750541215
ERR2585976	controle	endo_ata2019	Endometriose	4.53128808464017
ERR2585977	controle	endo_ata2019	Endometriose	4.47867149527764
ERR2585978	controle	endo_ata2019	Endometriose	4.82836192533157
ERR2585979	controle	endo_ata2019	Endometriose	3.82158238560614
ERR2585980	controle	endo_ata2019	Endometriose	4.13426260765414
ERR2585981	controle	endo_ata2019	Endometriose	4.07507906187205
ERR2585982	controle	endo_ata2019	Endometriose	5.02020941209263
ERR2585983	controle	endo_ata2019	Endometriose	4.18219760833504
ERR2585984	controle	endo_ata2019	Endometriose	3.84301835753251
ERR2585985	controle	endo_ata2019	Endometriose	4.76552778428523
ERR2585989	controle	endo_ata2019	Endometriose	4.55690116674648
ERR2585962	endo	endo_ata2019	Endometriose	4.60857225737517
ERR2585963	endo	endo_ata2019	Endometriose	4.78621889855355
ERR2585964	endo	endo_ata2019	Endometriose	4.52466785984253
ERR2585965	endo	endo_ata2019	Endometriose	4.61960206507629
ERR2585966	endo	endo_ata2019	Endometriose	1.32611170167917
ERR2585967	endo	endo_ata2019	Endometriose	4.92255636734378
ERR2585968	endo	endo_ata2019	Endometriose	5.3331766293484
ERR2585969	endo	endo_ata2019	Endometriose	4.96834691575281
ERR2585970	endo	endo_ata2019	Endometriose	4.7192919928175
ERR2585971	endo	endo_ata2019	Endometriose	3.9167072799535
ERR2585972	endo	endo_ata2019	Endometriose	4.25933264200305
ERR2585986	endo	endo_ata2019	Endometriose	4.26121610079726
ERR2585987	endo	endo_ata2019	Endometriose	3.56358406983076
ERR2585988	endo	endo_ata2019	Endometriose	4.74948601704396
SRR13994159	controle	endo_wei2023	Endometriose	4.2791723417727
SRR13994160	controle	endo_wei2023	Endometriose	3.96548831275015
SRR13994161	controle	endo_wei2023	Endometriose	3.231021769949
SRR13994162	controle	endo_wei2023	Endometriose	4.71503311126785
SRR13994166	controle	endo_wei2023	Endometriose	3.68616637785399
SRR13994177	controle	endo_wei2023	Endometriose	4.21354363155883
SRR13994188	controle	endo_wei2023	Endometriose	4.06251221607434
SRR13994194	controle	endo_wei2023	Endometriose	3.91775074383217
SRR13994195	controle	endo_wei2023	Endometriose	3.37129109675793
SRR13994196	controle	endo_wei2023	Endometriose	3.8058899242293
SRR13994197	controle	endo_wei2023	Endometriose	3.42897084580427
SRR13994198	controle	endo_wei2023	Endometriose	4.76076431735937
SRR13994199	controle	endo_wei2023	Endometriose	3.10959911456242
SRR13994200	controle	endo_wei2023	Endometriose	2.84325415021801
SRR13994201	controle	endo_wei2023	Endometriose	3.30852625504423
SRR13994202	controle	endo_wei2023	Endometriose	3.60888709042255
SRR13994203	controle	endo_wei2023	Endometriose	3.49208420587928
SRR13994204	controle	endo_wei2023	Endometriose	4.2239100533759
SRR13994205	controle	endo_wei2023	Endometriose	4.28720632298789
SRR13994206	controle	endo_wei2023	Endometriose	3.49233126958619
SRR13994207	controle	endo_wei2023	Endometriose	3.54179820079186
SRR13994208	controle	endo_wei2023	Endometriose	4.11701832831487
SRR13994209	controle	endo_wei2023	Endometriose	4.24059448403294
SRR13994210	controle	endo_wei2023	Endometriose	3.53774021022293
SRR13994211	controle	endo_wei2023	Endometriose	3.24342198480746
SRR13994163	endo	endo_wei2023	Endometriose	3.75735125622121
SRR13994164	endo	endo_wei2023	Endometriose	4.7560425869067
SRR13994165	endo	endo_wei2023	Endometriose	2.36166291498956
SRR13994167	endo	endo_wei2023	Endometriose	2.08929934626862
SRR13994168	endo	endo_wei2023	Endometriose	4.31889203692087
SRR13994169	endo	endo_wei2023	Endometriose	4.20021840377719
SRR13994170	endo	endo_wei2023	Endometriose	4.41444246001829
SRR13994171	endo	endo_wei2023	Endometriose	3.37604988048451
SRR13994172	endo	endo_wei2023	Endometriose	4.14423473410104
SRR13994173	endo	endo_wei2023	Endometriose	2.78266448812458
SRR13994174	endo	endo_wei2023	Endometriose	3.88593393011276
SRR13994175	endo	endo_wei2023	Endometriose	4.88776601416923
SRR13994176	endo	endo_wei2023	Endometriose	4.58963834680748
SRR13994178	endo	endo_wei2023	Endometriose	3.81862454679418
SRR13994179	endo	endo_wei2023	Endometriose	4.26426470611596
SRR13994180	endo	endo_wei2023	Endometriose	4.39640517926765
SRR13994181	endo	endo_wei2023	Endometriose	4.40133253240088
SRR13994182	endo	endo_wei2023	Endometriose	3.51282187267869
SRR13994183	endo	endo_wei2023	Endometriose	4.49049956058209
SRR13994184	endo	endo_wei2023	Endometriose	3.13621999044857
SRR13994185	endo	endo_wei2023	Endometriose	4.01291691284086
SRR13994186	endo	endo_wei2023	Endometriose	3.35924192882774
SRR13994187	endo	endo_wei2023	Endometriose	4.00738161443435
SRR13994189	endo	endo_wei2023	Endometriose	3.99472193731954
SRR13994190	endo	endo_wei2023	Endometriose	4.13552509804906
SRR13994191	endo	endo_wei2023	Endometriose	5.0486569097985
SRR13994192	endo	endo_wei2023	Endometriose	4.15588865945338
SRR13994193	endo	endo_wei2023	Endometriose	2.58729433730174
ERR2625059	controle	fbm_garcia2019	FBM	3.62646384112326
ERR2625061	controle	fbm_garcia2019	FBM	4.50857906290495
ERR2625063	controle	fbm_garcia2019	FBM	4.34734884251271
ERR2625067	controle	fbm_garcia2019	FBM	3.13104253132688
ERR2625069	controle	fbm_garcia2019	FBM	4.60233511493643
ERR2625071	controle	fbm_garcia2019	FBM	4.83888989065214
ERR2625073	controle	fbm_garcia2019	FBM	4.43775281883631
ERR2625085	controle	fbm_garcia2019	FBM	4.82224545717114
ERR2625087	controle	fbm_garcia2019	FBM	5.01117571522192
ERR2625091	controle	fbm_garcia2019	FBM	4.9303294993862
ERR2625093	controle	fbm_garcia2019	FBM	5.16851893643659
ERR2625095	controle	fbm_garcia2019	FBM	5.11166889673652
ERR2625101	controle	fbm_garcia2019	FBM	4.93309202840474
ERR2625105	controle	fbm_garcia2019	FBM	4.85468306538244
ERR2625109	controle	fbm_garcia2019	FBM	4.67622877273791
ERR2625111	controle	fbm_garcia2019	FBM	4.82246190359825
ERR2625117	controle	fbm_garcia2019	FBM	5.06707239438645
ERR2625121	controle	fbm_garcia2019	FBM	3.11417431857845
ERR2625127	controle	fbm_garcia2019	FBM	4.46406918293525
ERR2625129	controle	fbm_garcia2019	FBM	3.495490548652
ERR2625145	controle	fbm_garcia2019	FBM	3.70164717778421
ERR2625151	controle	fbm_garcia2019	FBM	4.4203204107901
ERR2625157	controle	fbm_garcia2019	FBM	3.72529526725398
ERR2625159	controle	fbm_garcia2019	FBM	5.21551512728929
ERR2625058	fbm	fbm_garcia2019	FBM	4.37843682646633
ERR2625060	fbm	fbm_garcia2019	FBM	4.63348523914742
ERR2625062	fbm	fbm_garcia2019	FBM	3.77529575040977
ERR2625064	fbm	fbm_garcia2019	FBM	3.94403484665092
ERR2625070	fbm	fbm_garcia2019	FBM	4.17162791909417
ERR2625074	fbm	fbm_garcia2019	FBM	4.01858425581408
ERR2625078	fbm	fbm_garcia2019	FBM	4.63049821258325
ERR2625082	fbm	fbm_garcia2019	FBM	4.37080512649568
ERR2625090	fbm	fbm_garcia2019	FBM	5.25667511929311
ERR2625102	fbm	fbm_garcia2019	FBM	3.37906832035699
ERR2625104	fbm	fbm_garcia2019	FBM	4.89998362633565
ERR2625108	fbm	fbm_garcia2019	FBM	4.21149961102382
ERR2625110	fbm	fbm_garcia2019	FBM	3.73971175569821
ERR2625112	fbm	fbm_garcia2019	FBM	4.87170066084006
ERR2625114	fbm	fbm_garcia2019	FBM	4.08427166063631
ERR2625120	fbm	fbm_garcia2019	FBM	2.56291885835092
ERR2625122	fbm	fbm_garcia2019	FBM	2.83541582538849
ERR2625124	fbm	fbm_garcia2019	FBM	4.2490531080459
ERR2625126	fbm	fbm_garcia2019	FBM	4.26754085322487
ERR2625130	fbm	fbm_garcia2019	FBM	3.56884904370807
ERR2625132	fbm	fbm_garcia2019	FBM	4.74514159102732
ERR2625136	fbm	fbm_garcia2019	FBM	4.07909688536137
ERR2625138	fbm	fbm_garcia2019	FBM	3.5420822898575
ERR2625142	fbm	fbm_garcia2019	FBM	4.12391744980973
ERR2625150	fbm	fbm_garcia2019	FBM	3.85309609737949
ERR2625156	fbm	fbm_garcia2019	FBM	3.73677053216119
ERR2625160	fbm	fbm_garcia2019	FBM	3.64573576861757
ERR2625164	fbm	fbm_garcia2019	FBM	3.88234775689391
ERR2625165	fbm	fbm_garcia2019	FBM	4.30054500979046
ERR2625166	fbm	fbm_garcia2019	FBM	4.56365164927891
ERR2625167	fbm	fbm_garcia2019	FBM	5.19569459893366
ERR2625168	fbm	fbm_garcia2019	FBM	4.10147967344642
ERR2625169	fbm	fbm_garcia2019	FBM	3.99923890709335
ERR2625170	fbm	fbm_garcia2019	FBM	3.29913848551874
ERR2625171	fbm	fbm_garcia2019	FBM	5.07752253229217
ERR2625172	fbm	fbm_garcia2019	FBM	5.32502122565581
ERR2625173	fbm	fbm_garcia2019	FBM	2.92346158929614
ERR2625177	fbm	fbm_garcia2019	FBM	4.79099643562368
ERR2625178	fbm	fbm_garcia2019	FBM	3.23091085797446
ERR2625180	fbm	fbm_garcia2019	FBM	4.94204904277107
ERR2625182	fbm	fbm_garcia2019	FBM	4.23373774161531
ERR2625183	fbm	fbm_garcia2019	FBM	5.02079380289936
ERR2625184	fbm	fbm_garcia2019	FBM	3.28492243574064
ERR2625185	fbm	fbm_garcia2019	FBM	5.28329698112134
ERR2625186	fbm	fbm_garcia2019	FBM	4.34878332982483
ERR2625187	fbm	fbm_garcia2019	FBM	4.72577362314102
ERR2625188	fbm	fbm_garcia2019	FBM	4.08976197855409
ERR2625189	fbm	fbm_garcia2019	FBM	2.9604549183515
ERR2625190	fbm	fbm_garcia2019	FBM	3.33272066112293
ERR2625191	fbm	fbm_garcia2019	FBM	4.95683362078364
ERR2625192	fbm	fbm_garcia2019	FBM	4.84152139876864
ERR2625193	fbm	fbm_garcia2019	FBM	5.14610024895738
ERR2625194	fbm	fbm_garcia2019	FBM	4.5432716850191
ERR2625195	fbm	fbm_garcia2019	FBM	4.32851460009822
ERR2625196	fbm	fbm_garcia2019	FBM	2.99606977339168
ERR2625197	fbm	fbm_garcia2019	FBM	3.65172231908256
ERR2625198	fbm	fbm_garcia2019	FBM	4.61920656430674
ERR2625199	fbm	fbm_garcia2019	FBM	4.65452190792149
ERR2625200	fbm	fbm_garcia2019	FBM	4.36949759566101
ERR2625201	fbm	fbm_garcia2019	FBM	4.28206869558792
ERR2625202	fbm	fbm_garcia2019	FBM	4.54763699627424
ERR2625203	fbm	fbm_garcia2019	FBM	4.04932894309658
ERR2625204	fbm	fbm_garcia2019	FBM	4.6320276182352
ERR2625205	fbm	fbm_garcia2019	FBM	3.4415001251437
ERR2625206	fbm	fbm_garcia2019	FBM	4.25067074349958
ERR2625207	fbm	fbm_garcia2019	FBM	4.82853822852684
ERR2625208	fbm	fbm_garcia2019	FBM	4.78586255756146
ERR2625210	fbm	fbm_garcia2019	FBM	3.80104539100939
ERR2625211	fbm	fbm_garcia2019	FBM	4.09273594767332
SRR8547757	controle	fbm_minerbi2019	FBM	4.3040484786708
SRR8547758	controle	fbm_minerbi2019	FBM	3.8077096541187
SRR8547760	controle	fbm_minerbi2019	FBM	3.4810043096163
SRR8547763	controle	fbm_minerbi2019	FBM	4.01989863249333
SRR8547766	controle	fbm_minerbi2019	FBM	2.38834578353785
SRR8547768	controle	fbm_minerbi2019	FBM	3.105655984124
SRR8547771	controle	fbm_minerbi2019	FBM	4.06064322266959
SRR8547772	controle	fbm_minerbi2019	FBM	4.37904975610979
SRR8547774	controle	fbm_minerbi2019	FBM	4.48476039642328
SRR8547775	controle	fbm_minerbi2019	FBM	4.92043619562166
SRR8547778	controle	fbm_minerbi2019	FBM	3.48658409471282
SRR8547779	controle	fbm_minerbi2019	FBM	3.64509475959335
SRR8547781	controle	fbm_minerbi2019	FBM	3.488080457044
SRR8547782	controle	fbm_minerbi2019	FBM	4.99146611325799
SRR8547783	controle	fbm_minerbi2019	FBM	4.3659694180661
SRR8547785	controle	fbm_minerbi2019	FBM	3.99107283851893
SRR8547786	controle	fbm_minerbi2019	FBM	4.02252722020649
SRR8547788	controle	fbm_minerbi2019	FBM	3.43096322003317
SRR8547793	controle	fbm_minerbi2019	FBM	3.705528913881
SRR8547795	controle	fbm_minerbi2019	FBM	3.83297580396383
SRR8547803	controle	fbm_minerbi2019	FBM	4.28951373015923
SRR8547806	controle	fbm_minerbi2019	FBM	4.37497165381782
SRR8547807	controle	fbm_minerbi2019	FBM	4.16860303676421
SRR8547808	controle	fbm_minerbi2019	FBM	3.93054460131518
SRR8547809	controle	fbm_minerbi2019	FBM	4.63120993096373
SRR8547810	controle	fbm_minerbi2019	FBM	4.57715464251069
SRR8547811	controle	fbm_minerbi2019	FBM	4.28163821305029
SRR8547812	controle	fbm_minerbi2019	FBM	3.02398214179969
SRR8547813	controle	fbm_minerbi2019	FBM	4.88367248957774
SRR8547814	controle	fbm_minerbi2019	FBM	4.36506727852981
SRR8547816	controle	fbm_minerbi2019	FBM	4.2713488749954
SRR8547817	controle	fbm_minerbi2019	FBM	3.90090842296026
SRR8547818	controle	fbm_minerbi2019	FBM	3.73363873950434
SRR8547819	controle	fbm_minerbi2019	FBM	2.94869212108713
SRR8547820	controle	fbm_minerbi2019	FBM	2.48639363446065
SRR8547821	controle	fbm_minerbi2019	FBM	3.95662244468772
SRR8547823	controle	fbm_minerbi2019	FBM	2.8732412580654
SRR8547825	controle	fbm_minerbi2019	FBM	2.65051228423637
SRR8547826	controle	fbm_minerbi2019	FBM	4.61271891858157
SRR8547827	controle	fbm_minerbi2019	FBM	3.51740624886681
SRR8547828	controle	fbm_minerbi2019	FBM	3.95700272585534
SRR8547830	controle	fbm_minerbi2019	FBM	4.9995841903277
SRR8547832	controle	fbm_minerbi2019	FBM	3.1676809027178
SRR8547834	controle	fbm_minerbi2019	FBM	2.95066019981066
SRR8547835	controle	fbm_minerbi2019	FBM	2.87478940950046
SRR8547836	controle	fbm_minerbi2019	FBM	4.39134625359689
SRR8547837	controle	fbm_minerbi2019	FBM	4.13884414470306
SRR8547838	controle	fbm_minerbi2019	FBM	4.92816671096882
SRR8547845	controle	fbm_minerbi2019	FBM	2.68006344640744
SRR8547846	controle	fbm_minerbi2019	FBM	4.34246668904286
SRR8547849	controle	fbm_minerbi2019	FBM	4.84592861504103
SRR8547850	controle	fbm_minerbi2019	FBM	3.28317100786099
SRR8547851	controle	fbm_minerbi2019	FBM	3.82573721548726
SRR8547852	controle	fbm_minerbi2019	FBM	4.51296012513606
SRR8547859	controle	fbm_minerbi2019	FBM	3.66231430570852
SRR8547860	controle	fbm_minerbi2019	FBM	3.60411675677202
SRR8547861	controle	fbm_minerbi2019	FBM	4.27960638864016
SRR8547862	controle	fbm_minerbi2019	FBM	2.11663300437045
SRR8547864	controle	fbm_minerbi2019	FBM	2.92529236396518
SRR8547865	controle	fbm_minerbi2019	FBM	3.8610275990878
SRR8547875	controle	fbm_minerbi2019	FBM	3.58314028305805
SRR8547876	controle	fbm_minerbi2019	FBM	4.22862176587091
SRR8547881	controle	fbm_minerbi2019	FBM	2.15570869746064
SRR8547882	controle	fbm_minerbi2019	FBM	3.98630357025639
SRR8547883	controle	fbm_minerbi2019	FBM	3.44482337705203
SRR8547884	controle	fbm_minerbi2019	FBM	3.11831591555675
SRR8547888	controle	fbm_minerbi2019	FBM	3.79164833768276
SRR8547890	controle	fbm_minerbi2019	FBM	3.37660821738366
SRR8547893	controle	fbm_minerbi2019	FBM	3.31543986222323
SRR8547897	controle	fbm_minerbi2019	FBM	3.86603440569637
SRR8547898	controle	fbm_minerbi2019	FBM	2.75065066744614
SRR8547899	controle	fbm_minerbi2019	FBM	2.24231835107588
SRR8547901	controle	fbm_minerbi2019	FBM	2.68577824698163
SRR8547902	controle	fbm_minerbi2019	FBM	3.45813758732475
SRR8547903	controle	fbm_minerbi2019	FBM	3.34016756583348
SRR8547904	controle	fbm_minerbi2019	FBM	4.50072607673223
SRR8547906	controle	fbm_minerbi2019	FBM	4.13852642187744
SRR8547910	controle	fbm_minerbi2019	FBM	4.76880371704646
SRR8547911	controle	fbm_minerbi2019	FBM	2.34496155500219
SRR8547759	fbm	fbm_minerbi2019	FBM	3.58196878313494
SRR8547761	fbm	fbm_minerbi2019	FBM	3.78922250423468
SRR8547762	fbm	fbm_minerbi2019	FBM	3.77965062667645
SRR8547764	fbm	fbm_minerbi2019	FBM	4.47116101575963
SRR8547765	fbm	fbm_minerbi2019	FBM	4.32980722345867
SRR8547767	fbm	fbm_minerbi2019	FBM	4.62398982437375
SRR8547769	fbm	fbm_minerbi2019	FBM	3.17682244195693
SRR8547770	fbm	fbm_minerbi2019	FBM	4.87768873215176
SRR8547773	fbm	fbm_minerbi2019	FBM	3.55130268597601
SRR8547776	fbm	fbm_minerbi2019	FBM	3.61449824341412
SRR8547777	fbm	fbm_minerbi2019	FBM	5.06046887512511
SRR8547780	fbm	fbm_minerbi2019	FBM	4.72902026569678
SRR8547784	fbm	fbm_minerbi2019	FBM	2.60449655675584
SRR8547787	fbm	fbm_minerbi2019	FBM	4.04934203085191
SRR8547789	fbm	fbm_minerbi2019	FBM	4.19082203408403
SRR8547790	fbm	fbm_minerbi2019	FBM	3.57487467246356
SRR8547791	fbm	fbm_minerbi2019	FBM	3.75875509089302
SRR8547792	fbm	fbm_minerbi2019	FBM	4.03383420913895
SRR8547794	fbm	fbm_minerbi2019	FBM	4.3584797602865
SRR8547796	fbm	fbm_minerbi2019	FBM	3.52795156975159
SRR8547797	fbm	fbm_minerbi2019	FBM	3.88277468133176
SRR8547798	fbm	fbm_minerbi2019	FBM	1.98708404016677
SRR8547799	fbm	fbm_minerbi2019	FBM	4.38674583957716
SRR8547800	fbm	fbm_minerbi2019	FBM	3.798063697172
SRR8547801	fbm	fbm_minerbi2019	FBM	3.20585338630926
SRR8547802	fbm	fbm_minerbi2019	FBM	3.1953721096329
SRR8547804	fbm	fbm_minerbi2019	FBM	4.59606938685619
SRR8547805	fbm	fbm_minerbi2019	FBM	4.17563530894489
SRR8547815	fbm	fbm_minerbi2019	FBM	4.00292833187466
SRR8547822	fbm	fbm_minerbi2019	FBM	2.84785926904546
SRR8547824	fbm	fbm_minerbi2019	FBM	2.9328381394575
SRR8547829	fbm	fbm_minerbi2019	FBM	2.56762350138827
SRR8547831	fbm	fbm_minerbi2019	FBM	3.58303899913462
SRR8547833	fbm	fbm_minerbi2019	FBM	4.64824193857666
SRR8547839	fbm	fbm_minerbi2019	FBM	4.40334187240547
SRR8547840	fbm	fbm_minerbi2019	FBM	3.77644853384264
SRR8547841	fbm	fbm_minerbi2019	FBM	3.57942680814631
SRR8547842	fbm	fbm_minerbi2019	FBM	4.27338123477899
SRR8547843	fbm	fbm_minerbi2019	FBM	4.37339453586779
SRR8547844	fbm	fbm_minerbi2019	FBM	3.08860443599937
SRR8547847	fbm	fbm_minerbi2019	FBM	4.16727015573513
SRR8547848	fbm	fbm_minerbi2019	FBM	4.70369136613793
SRR8547853	fbm	fbm_minerbi2019	FBM	2.28414044401269
SRR8547854	fbm	fbm_minerbi2019	FBM	4.30235520008685
SRR8547855	fbm	fbm_minerbi2019	FBM	3.09872198445859
SRR8547856	fbm	fbm_minerbi2019	FBM	5.21958035100918
SRR8547857	fbm	fbm_minerbi2019	FBM	4.30592242119837
SRR8547858	fbm	fbm_minerbi2019	FBM	4.77526979769087
SRR8547863	fbm	fbm_minerbi2019	FBM	3.61434080849378
SRR8547866	fbm	fbm_minerbi2019	FBM	3.22878880838738
SRR8547867	fbm	fbm_minerbi2019	FBM	4.56828947528419
SRR8547868	fbm	fbm_minerbi2019	FBM	4.06217465597913
SRR8547869	fbm	fbm_minerbi2019	FBM	3.68622872810071
SRR8547870	fbm	fbm_minerbi2019	FBM	4.39813802909656
SRR8547871	fbm	fbm_minerbi2019	FBM	3.46004142820321
SRR8547872	fbm	fbm_minerbi2019	FBM	4.02206870734166
SRR8547873	fbm	fbm_minerbi2019	FBM	3.24658382643464
SRR8547874	fbm	fbm_minerbi2019	FBM	3.47043692237808
SRR8547877	fbm	fbm_minerbi2019	FBM	3.58360241860666
SRR8547878	fbm	fbm_minerbi2019	FBM	3.36274372149663
SRR8547879	fbm	fbm_minerbi2019	FBM	3.6880649024688
SRR8547880	fbm	fbm_minerbi2019	FBM	4.33086513781364
SRR8547885	fbm	fbm_minerbi2019	FBM	3.65499337959879
SRR8547886	fbm	fbm_minerbi2019	FBM	3.8293480676606
SRR8547887	fbm	fbm_minerbi2019	FBM	3.37149374196771
SRR8547889	fbm	fbm_minerbi2019	FBM	4.48004347187591
SRR8547891	fbm	fbm_minerbi2019	FBM	4.45821703202516
SRR8547892	fbm	fbm_minerbi2019	FBM	2.4000013235024
SRR8547894	fbm	fbm_minerbi2019	FBM	3.4450735615547
SRR8547895	fbm	fbm_minerbi2019	FBM	4.15483244772569
SRR8547896	fbm	fbm_minerbi2019	FBM	2.6431750784549
SRR8547900	fbm	fbm_minerbi2019	FBM	3.4169763691338
SRR8547905	fbm	fbm_minerbi2019	FBM	4.72224615605518
SRR8547907	fbm	fbm_minerbi2019	FBM	3.96728149948984
SRR8547908	fbm	fbm_minerbi2019	FBM	1.86946327808334
SRR8547909	fbm	fbm_minerbi2019	FBM	3.48797482247462
SRR8547912	fbm	fbm_minerbi2019	FBM	3.05604989058433
SRR18588324	controle	ibs_jacobs2023	SII	2.08717007574067
SRR18588325	controle	ibs_jacobs2023	SII	3.57724419779742
SRR18588326	controle	ibs_jacobs2023	SII	3.94328654752907
SRR18588328	controle	ibs_jacobs2023	SII	2.99342696210136
SRR18588330	controle	ibs_jacobs2023	SII	3.29769012640176
SRR18588334	controle	ibs_jacobs2023	SII	4.57270982578218
SRR18588337	controle	ibs_jacobs2023	SII	1.88093046244039
SRR18588338	controle	ibs_jacobs2023	SII	4.2620660122091
SRR18588341	controle	ibs_jacobs2023	SII	2.68587510891988
SRR18588342	controle	ibs_jacobs2023	SII	4.38091451694401
SRR18588346	controle	ibs_jacobs2023	SII	3.53781773598828
SRR18588350	controle	ibs_jacobs2023	SII	3.98629945690068
SRR18588421	controle	ibs_jacobs2023	SII	3.36004614444954
SRR18588423	controle	ibs_jacobs2023	SII	2.10366660347122
SRR18588424	controle	ibs_jacobs2023	SII	2.79041361237739
SRR18588427	controle	ibs_jacobs2023	SII	1.48289108047266
SRR18588437	controle	ibs_jacobs2023	SII	2.02171345431006
SRR18588452	controle	ibs_jacobs2023	SII	4.68418416981858
SRR18588469	controle	ibs_jacobs2023	SII	3.64469926248797
SRR18588470	controle	ibs_jacobs2023	SII	2.63580406441423
SRR18588471	controle	ibs_jacobs2023	SII	4.46345866377013
SRR18588472	controle	ibs_jacobs2023	SII	2.0213399948533
SRR18588473	controle	ibs_jacobs2023	SII	2.7008139426179
SRR18588474	controle	ibs_jacobs2023	SII	4.06576425055752
SRR18588475	controle	ibs_jacobs2023	SII	3.69588653642223
SRR18588476	controle	ibs_jacobs2023	SII	4.98468159068008
SRR18588477	controle	ibs_jacobs2023	SII	3.38532847184375
SRR18588478	controle	ibs_jacobs2023	SII	3.48540674427083
SRR18588480	controle	ibs_jacobs2023	SII	4.21108385002154
SRR18588483	controle	ibs_jacobs2023	SII	3.07382425382911
SRR18588484	controle	ibs_jacobs2023	SII	3.74655541038616
SRR18588486	controle	ibs_jacobs2023	SII	2.86715180426432
SRR18588487	controle	ibs_jacobs2023	SII	3.62234861175119
SRR18588488	controle	ibs_jacobs2023	SII	3.10431647814564
SRR18588489	controle	ibs_jacobs2023	SII	2.94187266211794
SRR18588491	controle	ibs_jacobs2023	SII	2.38184664709051
SRR18588492	controle	ibs_jacobs2023	SII	3.21135157893993
SRR18588493	controle	ibs_jacobs2023	SII	2.67545920443549
SRR18588494	controle	ibs_jacobs2023	SII	3.2097151105556
SRR18588495	controle	ibs_jacobs2023	SII	3.87967494035309
SRR18588496	controle	ibs_jacobs2023	SII	2.67809842289264
SRR18588498	controle	ibs_jacobs2023	SII	3.64667723351855
SRR18588499	controle	ibs_jacobs2023	SII	2.69427284539297
SRR18588500	controle	ibs_jacobs2023	SII	4.21445384498047
SRR18588677	controle	ibs_jacobs2023	SII	3.43816993707019
SRR18588678	controle	ibs_jacobs2023	SII	2.04128237789981
SRR18588783	controle	ibs_jacobs2023	SII	3.30646802173494
SRR18588785	controle	ibs_jacobs2023	SII	3.88897742798008
SRR18588789	controle	ibs_jacobs2023	SII	4.5972696940298
SRR18588803	controle	ibs_jacobs2023	SII	2.71564362146958
SRR18588822	controle	ibs_jacobs2023	SII	1.3776297123374
SRR18588832	controle	ibs_jacobs2023	SII	3.06494343279072
SRR18588931	controle	ibs_jacobs2023	SII	1.49387944194084
SRR18588932	controle	ibs_jacobs2023	SII	3.24320799939695
SRR18588934	controle	ibs_jacobs2023	SII	3.24245260721112
SRR18588935	controle	ibs_jacobs2023	SII	2.94546344790119
SRR18588936	controle	ibs_jacobs2023	SII	4.11869682373839
SRR18588937	controle	ibs_jacobs2023	SII	2.92356211121506
SRR18588938	controle	ibs_jacobs2023	SII	4.03735071014619
SRR18588939	controle	ibs_jacobs2023	SII	4.48758739641326
SRR18588941	controle	ibs_jacobs2023	SII	3.81975284787838
SRR18588942	controle	ibs_jacobs2023	SII	2.85942947947061
SRR18588943	controle	ibs_jacobs2023	SII	3.82767194151195
SRR18588944	controle	ibs_jacobs2023	SII	2.64285817012012
SRR18588945	controle	ibs_jacobs2023	SII	3.95831171101593
SRR18588946	controle	ibs_jacobs2023	SII	3.45157673337693
SRR18588947	controle	ibs_jacobs2023	SII	2.88028381012404
SRR18588948	controle	ibs_jacobs2023	SII	3.45563007558009
SRR18588949	controle	ibs_jacobs2023	SII	4.47420184496095
SRR18588950	controle	ibs_jacobs2023	SII	3.61620617555164
SRR18588953	controle	ibs_jacobs2023	SII	2.05831403337371
SRR18588954	controle	ibs_jacobs2023	SII	3.20762015157672
SRR18588955	controle	ibs_jacobs2023	SII	4.4230618460476
SRR18588956	controle	ibs_jacobs2023	SII	2.99136538489465
SRR18588957	controle	ibs_jacobs2023	SII	4.66386138427598
SRR18588958	controle	ibs_jacobs2023	SII	2.14969010632627
SRR18588959	controle	ibs_jacobs2023	SII	2.99026530765769
SRR18588963	controle	ibs_jacobs2023	SII	1.38197384590014
SRR18588965	controle	ibs_jacobs2023	SII	4.18994612779705
SRR18588966	controle	ibs_jacobs2023	SII	4.11855221230229
SRR18588967	controle	ibs_jacobs2023	SII	4.2103439021364
SRR18588969	controle	ibs_jacobs2023	SII	3.8042607554145
SRR18588970	controle	ibs_jacobs2023	SII	3.4297787657953
SRR18588971	controle	ibs_jacobs2023	SII	4.01892784353827
SRR18588979	controle	ibs_jacobs2023	SII	5.61514965493537
SRR18588980	controle	ibs_jacobs2023	SII	4.48030727294894
SRR18588983	controle	ibs_jacobs2023	SII	5.65901820978468
SRR18588984	controle	ibs_jacobs2023	SII	5.35724922540601
SRR18588985	controle	ibs_jacobs2023	SII	5.45297776015201
SRR18588987	controle	ibs_jacobs2023	SII	4.88184652962254
SRR18588988	controle	ibs_jacobs2023	SII	5.06784389737771
SRR18588992	controle	ibs_jacobs2023	SII	4.32121947115157
SRR18588994	controle	ibs_jacobs2023	SII	2.51562878797211
SRR18589033	controle	ibs_jacobs2023	SII	3.41187192255089
SRR18589051	controle	ibs_jacobs2023	SII	3.23409313310586
SRR18588258	ibs	ibs_jacobs2023	SII	4.14042835179902
SRR18588817	ibs	ibs_jacobs2023	SII	3.76171182643313
SRR18588818	ibs	ibs_jacobs2023	SII	3.52319284901678
SRR18588820	ibs	ibs_jacobs2023	SII	2.19029675397572
SRR18588824	ibs	ibs_jacobs2023	SII	3.05751236907034
SRR18588825	ibs	ibs_jacobs2023	SII	3.99239766671643
SRR18588826	ibs	ibs_jacobs2023	SII	2.59226311242272
SRR18588827	ibs	ibs_jacobs2023	SII	4.11492542369982
SRR18588828	ibs	ibs_jacobs2023	SII	3.7793623184507
SRR18589062	ibs	ibs_jacobs2023	SII	4.95523621643254
SRR18589063	ibs	ibs_jacobs2023	SII	2.76359133544494
SRR18589066	ibs	ibs_jacobs2023	SII	3.2816854724656
SRR13247365C	controle	ibs_vork2021	SII	4.82111626195031
SRR13247372C	controle	ibs_vork2021	SII	4.56970778847743
SRR13247410C	controle	ibs_vork2021	SII	4.12864433129617
SRR13247414C	controle	ibs_vork2021	SII	4.50348344532262
SRR13247420C	controle	ibs_vork2021	SII	5.30462730104342
SRR13247432C	controle	ibs_vork2021	SII	3.17562483855811
SRR13247439C	controle	ibs_vork2021	SII	4.15401027476435
SRR13247459C	controle	ibs_vork2021	SII	3.92207466614253
SRR13247464C	controle	ibs_vork2021	SII	4.50904427120159
SRR13247365	ibs	ibs_vork2021	SII	4.84214214968423
SRR13247372	ibs	ibs_vork2021	SII	4.59975588948103
SRR13247410	ibs	ibs_vork2021	SII	4.15690393561824
SRR13247414	ibs	ibs_vork2021	SII	4.52866299222551
SRR13247420	ibs	ibs_vork2021	SII	5.29289871915608
SRR13247432	ibs	ibs_vork2021	SII	3.19106687735402
SRR13247439	ibs	ibs_vork2021	SII	4.11072791558428
SRR13247459	ibs	ibs_vork2021	SII	3.94689420014515
SRR13247464	ibs	ibs_vork2021	SII	4.50896066921669
