sample_id,group,Acetatifactor sp.,Acutalibacteraceae bacterium,Agathobacter,Agathobacter rectalis,Agathobacter rectalis ATCC 33656,Agathobacter sp.,Akkermansia,Akkermansia muciniphila,Akkermansia sp.,Alistipes,Alistipes communis,Alistipes finegoldii,Alistipes onderdonkii,Alistipes putredinis,Alistipes putredinis DSM 17216,Alistipes senegalensis,Alistipes shahii,Alistipes sp.,Alistipes sp. HGB5,Anaerobutyricum hallii,Anaerostipes hadrus,Bacilli bacterium,Bacillota,Bacillota bacterium,Bacteria,Bacteriophage sp.,Bacteroidaceae,Bacteroidaceae bacterium,Bacteroidales,Bacteroidales bacterium,Bacteroides,Bacteroides acidifaciens,Bacteroides caccae,Bacteroides caccae ATCC 43185,Bacteroides cellulosilyticus,Bacteroides eggerthii,Bacteroides eggerthii 1_2_48FAA,Bacteroides eggerthii DSM 20697,Bacteroides faecis,Bacteroides finegoldii,Bacteroides finegoldii DSM 17565,Bacteroides fragilis,Bacteroides fragilis 3_1_12,Bacteroides intestinalis,Bacteroides ovatus,Bacteroides ovatus ATCC 8483,Bacteroides ovatus SD CMC 3f,Bacteroides salyersiae,Bacteroides sp.,Bacteroides sp. 1_1_30,Bacteroides sp. 2_2_4,Bacteroides sp. 3_1_33FAA,Bacteroides sp. 3_1_40A,Bacteroides sp. 4_1_36,Bacteroides sp. 4_3_47FAA,Bacteroides sp. 9_1_42FAA,Bacteroides sp. D20,Bacteroides stercoris,Bacteroides thetaiotaomicron,Bacteroides thetaiotaomicron VPI-5482,Bacteroides uniformis,Bacteroides uniformis ATCC 8492,Bacteroides uniformis CAG:3,Bacteroides uniformis CL03T00C23,Bacteroides uniformis CL03T12C37,Bacteroides uniformis dnLKV2,Bacteroides uniformis str. 3978 T3 ii,Bacteroides xylanisolvens,Bacteroides xylanisolvens SD CC 2a,Bacteroidota,Barnesiella intestinihominis,Barnesiella sp.,Bifidobacterium longum,Blautia,Blautia faecis,Blautia massiliensis (ex Durand et al. 2017),Blautia obeum,Blautia sp.,Blautia wexlerae,Brotocaccenecus cirricatena,Brotolimicola acetigignens,Catenibacterium mitsuokai,Caudoviricetes sp.,Christensenellales bacterium,Clostridia,Clostridia bacterium,Clostridiaceae bacterium,Clostridiales bacterium,Clostridioides difficile,Clostridium sp.,Clostridium sp. AF34-10BH,Clostridium sp. AM34-9AC,Collinsella sp.,Coprococcus,Coprococcus comes,Coprococcus eutactus,Dialister invisus,Dorea formicigenerans,Dorea longicatena,Dysosmobacter sp.,Enterocloster bolteae,Enterococcus faecium,Escherichia albertii B156,Eubacteriaceae bacterium CHKCI005,Eubacteriaceae bacterium Marseille-Q4139,Eubacterium ramulus ATCC 29099,Faecalibacillus sp. H12,Faecalibacillus sp. MSK20_93,Faecalibacterium,Faecalibacterium phage FP_Taranis,Faecalibacterium prausnitzii M21/2,Flavobacterium tibetense,Fusibacter tunisiensis,Gelidibacter sp.,Gemella sanguinis,Gemmiger formicilis,Gemmiger gallinarum,Hungatella,Intestinimonas,Lachnoclostridium sp. YL32,Lachnospira eligens,Lachnospira hominis,Lachnospira pectinoschiza,Lachnospira sp.,Lacrimispora defluvii,Mediterraneibacter butyricigenes,Mediterraneibacter faecis,Oceanirhabdus seepicola,Odoribacter sp. N54.MGS-14,Oscillibacter hominis,Oscillibacter sp. KLE 1728,Oscillibacter valericigenes,Oscillibacter valericigenes Sjm18-20,Oscillospiraceae bacterium NTUH-002-81,Pantoea sp.,Parabacteroides chinchillae,Parabacteroides faecalis,Parabacteroides gordonii MS-1 = DSM 23371,Parabacteroides leei,Parabacteroides massiliensis,Parabacteroides provencensis,Parabacteroides segnis,Paramuribaculum sp.,Phascolarctobacterium succinatutens CAG:287,Phocaeicola,Phocaeicola coprocola,Phocaeicola coprophilus CAG:333,Phocaeicola coprophilus DSM 18228 = JCM 13818,Phocaeicola dorei CL02T00C15,Phocaeicola dorei CL02T12C06,Phocaeicola fibrisolvens,Phocaeicola massiliensis B84634 = Timone 84634 = DSM 17679 = JCM 13223,Phocaeicola salanitronis,Phocaeicola salanitronis DSM 18170,Phocaeicola sp.,Phocaeicola sp. KGMB11183,Phocaeicola vulgatus CAG:6,Phocaeicola vulgatus dnLKV7,Phocaeicola vulgatus str. 3775 SL(B) 10 (iv),Prevotella pectinovora,Romboutsia sp.,Roseburia amylophila,Roseburia difficilis,Roseburia hominis,Roseburia intestinalis,Roseburia intestinalis M50/1,Roseburia inulinivorans,Roseburia porci,Ruminococcaceae bacterium OttesenSCG-928-L11,Ruminococcus albus,Ruminococcus bicirculans (ex Wegman et al. 2014),Ruminococcus hominis,Ruminococcus turbiniformis,Segatella,Streptomyces sp. DSM 41524,Streptomyces viridodiastaticus,Subdoligranulum sp. AF14-43,Tannockella kyphosi
SRR24907908,controle,3748,3672,51677,113846,7856,43242,1539,4873,471,186799,1699,5712,24207,50001,12875,1149,12225,49213,1573,4267,14250,692,24461,13633,665459,23290,163056,1360,567994,5281,791870,6847,57313,6828,6268,15265,612,2309,144826,5339,1660,20017,514,5010,67325,1691,1445,2102,73907,2355,1109,6118,7608,11851,33228,7431,11879,11500,68354,1750,362166,40617,4088,4348,2959,6064,6579,41224,2374,20412,3543,1344,8082,20610,1231,2540,2064,5034,15785,634,4018,8885,94468,6737,55787,9064,1069,34568,4061,17156,1189,888,2088,7636,5818,1499,44709,1303,2471,1424,1633,6567,24794,11045,1893,21625,55511,7254,10280,121369,102053,2110,12199,3707,8752,6128,10600,985,831,50397,653,7551,44609,53892,1193,920,1818,8489,52230,16791,1266,3658,65788,791,50545,54079,4225,3858,101579,6365,10874,2205,5897,333175,5399,7443,277160,3263,12686,27035,3329,492111,5824,29922,324797,13900,22935,6406,4288,7014,69864,177969,4392,13290,1311,10645,1201,18193,14733,3976,5877,29986,1805,11717,4352,1006,1796,2551
ERR911979,controle,945,1394,3784088,5524192,563933,868919,274,513,153,267648,51949,141381,137015,6692,1181,974,4850,29915,8069,154361,63510,412,280194,3827,194362,164447,153439,1994,132742,2858,1130604,3487,8233,141,2926,4267,113,442,7832,3859,1051,147405,347,2590,37649,2638,284,1757,104917,415,6493,913,3606,18077,2776,915,9805,6552,154476,2347,645170,48163,3788,3516,2308,2262,8426,18810,76,4103,23119,11631,158639,521092,74593,65350,143311,147646,389373,2554,3701,7862,420608,377,959420,2138,972,12641,76155,7869,578,6920,34705,73241,338887,2755,92975,52707,321460,1754,10885,36477,277342,65866,6169,430872,207296,16280,51586,294257,68922,14932,246101,38764,101382,33778,76389,13790,2472,18329,17774,20417,696176,239877,5046,89916,39663,1789,9934,13025,1511,19912,564060,8735,57956,118429,903,1075,14676,979,16655,1913,2309,573381,1097,353,31165,117,131,3210,3451,5574,2129,35300,624988,6445,9623,2849,2279,24901,293050,624513,43912,72976,18269,92770,17786,102997,2556691,18566,711273,492286,4883,11233,30577,12537,28174,42421
ERR911956,controle,56097,18532,238539,265197,21281,53558,101552,87223,12230,3593540,195146,199723,885828,198999,35805,12763,107909,432397,13305,43812,80471,9241,115976,55407,253661,890854,545462,6230,1253841,6117,4066108,17800,208102,11548,1707976,39904,4836,2449,16409,42039,12900,105789,5514,94123,326342,4814,4513,16792,328837,8144,5891,21521,7399,28172,5960,11630,31779,526958,287991,5224,1860254,110539,9106,7747,6255,6808,23647,163626,4650,29067,65568,29855,2750,94556,5787,6380,41876,30525,80053,3962,103439,19131,171546,19973,275206,209959,161232,173957,37957,76014,23099,25282,1102,5544,55900,34460,2094,16765,41570,8979,8335,10403,111507,40932,26847,61604,115403,2876,21336,242399,139846,21463,90960,17382,67942,6811,27806,10046,5828,15237,1448,5367,193868,160816,31636,22541,11798,11467,61607,23363,5346,20377,225212,3651,274854,467320,7156,301407,204600,14181,103487,8324,694249,1510289,4514,20519,1408149,5849,4971,52507,9499,38448,8716,159584,1523254,11521,15624,4907,5950,323208,42358,57565,60842,35642,7583,36096,7510,34819,39742,6899,9395,61306,7041,68444,15196,3238,17696,24989
SRR6784564,controle,17677,2843,76701,129735,13501,28348,96468,209991,40978,2597441,26128,80799,556246,538057,126970,5016,49114,717565,9987,2310,2108,2777,41339,12253,199484,202618,252097,8178,1028937,13242,758425,17887,14644,383,12757,8194,1963,8819,6820,15693,4880,52479,5111,9011,99262,4042,3016,9528,617652,4400,3088,3673,16655,13711,12689,6466,9430,270499,150639,8034,377862,66150,3819,3829,2253,2511,8797,95233,5347,45354,582650,299228,25341,48848,2263,1199,4301,17525,40749,607,24951,6894,218831,7431,71302,20562,2430,35411,7365,20769,4737,6185,2307,243,6614,1416,1777,2318,4189,2951,4078,5140,69161,37150,5029,60615,118403,19909,25538,191779,141530,12053,66810,10181,17585,26994,34806,2796,1762,2921,828,3747,92928,46886,8288,10635,5053,15451,75179,8700,1614,10075,70031,3700,701863,487701,10136,8547,299003,44001,186056,8995,24971,709237,170768,19038,128790,814,2004,12231,9358,28667,9560,72601,764404,30031,42146,13257,10901,77472,10463,8013,2781,38875,3110,19342,2780,11698,489,835,3463,16603,2494,8475,13823,5325,5058,7647
SRR6784403,controle,2372,10865,3199,47362,1688,27316,12582,29609,6029,119732,2307,24744,8873,55707,7700,3008,20545,1189766,1919,3814,15953,9623,71786,146892,85628,32026,109408,6091,268294,1166034,515119,5143,63137,6463,79175,6230,1028,10113,15585,20030,7179,19176,3500,14717,34318,3783,796,8116,57933,707,737,940,7566,8693,5740,2727,8473,101748,29929,891,296270,30320,3373,2893,1815,3627,5184,15912,790,7092,129860,70128,5220,25397,3346,2658,5901,10441,26923,19653,2966,6750,81282,339580,112635,334313,19531,700358,13433,94811,543,1027,4972,6780,20287,9391,1761,4757,10484,18003,2992,4851,23378,30461,24697,257320,60744,4311,10738,182657,184077,22477,19341,23394,74463,12181,33830,3859,7524,76350,1922,23844,103927,139654,2389,5083,5497,9097,42714,95965,26664,12886,494197,6445,63713,35342,1967,4150,65327,8081,19499,1123,107112,321460,3761,2203,54787,339,941,5294,3531,215787,3923,28824,333378,12700,19604,6934,4299,22091,71686,130455,20394,10396,2355,10796,3000,40711,32137,8506,32053,49525,7305,4527,17016,2619,13230,14155
SRR8556880,controle,32033,4777,8386,43391,2104,13256,9278,29110,3656,134924,34840,7758,6790,63400,7387,1462,3186,33674,440,2559,8673,2099,33320,30200,110215,46573,164523,1562,272693,6175,609960,11902,73259,4533,74987,5129,1717,1477,5447,4184,2495,10068,2220,21754,66353,1272,1064,6069,58621,2738,1864,1406,6606,4102,8742,702,3197,129741,145028,2842,214442,11323,1361,1311,862,1446,2369,37652,1036,8496,68243,34435,1309,14668,2231,1807,5229,8168,13327,2276,7396,2768,148912,27258,126152,234607,28269,121291,5083,105843,2998,1410,970,969,5152,2212,37713,2321,5537,2263,2724,2994,19049,14837,5631,84034,152124,5192,10008,295288,179151,8305,16656,7058,7285,13336,22448,1730,1502,676984,888,78771,48523,114708,1355,1900,2791,2068,8944,17858,2264,5700,119273,1114,34629,34645,2675,1639,34286,3512,13000,865,211345,456732,2831,5047,44374,565,1094,5624,2949,9879,3013,28362,416247,15150,23793,6368,3725,72088,29761,46041,59395,11464,1017,24553,2602,16071,14458,1037,5929,154229,1456,67643,7081,1615,3272,4132
SRR24908040,controle,6991,87582,1462,8026,425,1708,6674,10996,1564,41659,2748,4582,1963,11356,1929,386,3907,10823,504,4288,1278,540,15000,21911,78524,20454,47156,5779,195668,5156,165889,3473,37916,3817,3365,6051,607,515,4036,3615,1733,13309,54,3394,25642,1974,943,2701,26994,532,1870,2515,2661,3844,3796,1721,2358,79056,17217,773,61848,11050,960,956,616,728,1796,8919,665,6669,13813,9725,737,3071,517,673,1008,2011,3419,2363,7488,2009,27460,2208,26067,9116,1690,30117,3493,10322,2348,1590,1673,3360,3160,794,531,867,2340,2196,1211,923,17874,4375,1378,5312,9012,278,2271,21199,13930,1961,2574,726,2973,1189,2579,856,2268,7414,418,2457,11015,19432,1771,2640,1025,3766,17821,16520,3747,1389,124784,299,58345,30243,1610,2278,52456,5992,13605,1714,10142,181298,1748,615,125494,1223,970,14752,169162,2049,4218,11690,118421,6213,8414,2291,1759,261235,14946,5026,8698,3470,597,41930,4984,16378,1460,151,4177,24944,1670,1263071,907,653,1186,1402
SRR6784574,controle,56294,9604,202176,418509,36380,151857,87498,204568,37972,739197,133874,124503,221652,49351,6931,8636,87346,234144,16697,12662,53500,10373,105799,43015,1836408,213005,2204095,16446,6782986,42546,7323228,122171,962141,87915,85109,2398182,202584,217870,219132,83354,40224,429587,25171,55380,581800,26332,29561,43955,772065,42201,26128,72776,157174,109135,131078,33395,97123,964714,527444,18722,2553399,341722,27853,33970,19110,32864,66531,918966,44825,220734,50848,12132,142213,169576,10568,12971,18378,69084,143102,3279,83430,57611,231110,11331,308557,27915,6153,83149,26307,63665,18316,20894,6867,15588,53885,3470,6380,9621,18679,7435,4328,32750,313080,38777,7369,138501,140809,15766,28107,384633,211359,28673,85201,24540,93309,14410,37016,5300,3344,159500,6804,49259,190207,172709,28173,14741,15762,26579,179951,21932,1998,25088,349824,3725,702855,977176,30139,12733,265254,46170,263727,19211,55101,6793403,55043,138516,1116342,9474,20493,113856,76065,1941384,83659,581297,7354155,290366,394765,134961,100012,45704,271279,392031,12663,201265,18850,178151,23787,143502,4661,1830,16749,67086,3575,19774,19210,2933,18270,13323
SRR24907956,controle,990,2086,36670,68152,6116,13693,196,1627,334,157246,554,33254,17298,27614,4740,1464,19261,38943,4065,4214,6479,13171,19505,46161,65206,40243,91949,721,263033,2156,699838,3802,22216,2356,24906,2962,1129,3357,1902,3299,2083,11020,673,21726,86890,9339,3153,4459,54487,964,2927,2507,8992,10004,5640,1988,21069,18734,34612,1663,204738,37532,3948,3695,2254,3460,8325,22081,1764,12165,2309,735,1028,13071,812,979,1854,2613,10808,926,1458,8353,36334,4446,31724,4836,2289,35726,3143,7202,354,137,1119,2951,3118,1684,613,655,1277,3730,2368,1352,20172,9340,1809,20788,18825,1862,3635,42940,24160,5167,7248,2017,7413,1801,3924,1851,3810,12065,1623,10422,22266,16902,825,817,1262,2017,13082,11279,3391,7151,73736,297,23158,13121,1259,1430,22058,3039,5272,639,1125,229998,557,1892,96737,1090,1592,12474,48941,1871,3581,15373,192375,8628,13310,3232,4075,5325,5063,5935,32817,18642,1437,5745,771,9286,12445,8782,7860,30537,2285,3272,2113,482,1272,2194
SRR24907938,controle,12923,2630,24798,44793,3795,10724,13660,18361,2571,18679,3199,864,3007,1948,171,267,4021,4068,224,3619,5086,641,12479,24184,51927,54809,22349,3358,136379,12049,223071,4300,37621,4991,1900,1478,333,683,4050,2319,970,7136,60,1372,82576,4271,4393,1401,18202,1362,3757,780,1108,1172,990,885,1021,198501,14956,613,30283,3475,376,338,254,380,891,32098,1560,6315,10342,6326,916,7318,653,1614,858,3064,3639,1556,3285,850,38508,12945,29425,25156,16819,63357,1626,19632,1092,944,679,8427,2816,3229,382,677,2012,747,996,1175,10285,5445,11131,31997,9798,780,4093,22647,21164,1482,4875,1826,4673,2461,4816,507,957,5330,316,7150,25576,39565,896,557,700,1834,10136,4680,1738,2204,73449,742,33246,19534,849,1128,25938,4197,7699,1351,3182,36766,14581,1995,37193,779,363,4251,1512,3109,833,3082,47739,1540,2021,713,631,811184,12199,12340,2500,4080,892,15853,1802,7412,13643,1794,20867,12117,1128,135248,2109,542,1064,1678
SRR6784590,controle,46262,4107,229516,470192,44057,88456,919,22336,2899,1638737,6867,1334726,55508,657532,145027,14994,35964,526206,99700,25099,28230,4694,116503,45905,628105,1934693,1351881,11365,5082216,15721,6311804,51938,1368141,130867,51746,2854428,154771,326694,24356,133462,52717,190368,32807,37768,283593,10132,6577,18882,516444,5262,15030,18643,87452,112251,73792,18267,93294,88128,320436,19811,2678344,360910,32184,36833,18661,36871,59967,182853,8352,107570,17956,6611,11171,46748,5221,8524,14651,23224,44204,19178,66762,66218,1018649,7067,256451,22262,3960,76366,27592,68042,15438,16584,15093,5226,35596,7697,3806,9288,19295,12103,5938,15661,214831,42333,5643,196260,121882,8715,31163,242587,132359,27483,32449,36903,124254,15367,53498,5497,4648,14348,6189,31483,112358,168633,23303,14128,14823,25851,199456,107451,8595,36414,207994,3513,1271051,1000440,26307,21380,797986,137084,366463,19800,16951,3706897,8425,105478,561396,9259,7828,94040,35165,147124,39070,304724,3976974,136177,215357,74143,94866,54567,131777,51690,18339,275836,19418,60619,8423,75506,143695,1519,170965,123666,4459,59545,27639,3693,24401,25637
SRR8556942,controle,470,473,26102,44067,5183,12684,20,603,109,41663,1942,3225,10355,9879,1940,148,1213,7711,166,4068,1638,257,5818,1978,23570,40984,33944,8935,141973,4960,85533,894,82808,2052,4095,879,199,100,2718,4879,1279,4362,108,1964,20083,327,551,953,21810,193,750,246,1465,174,1156,153,150,22989,20992,356,10083,321,39,57,30,25,44,12944,228,3317,15366,8944,1867,7066,462,420,649,2917,5552,64,1020,598,46315,415,11512,548,1127,17108,918,2837,194,87,1873,2763,2765,353,738,406,1860,418,380,509,27801,2172,582,6096,19742,327,3925,38415,13243,674,4194,5924,13190,1648,6580,244,188,522,362,1422,9088,5755,119,1076,378,732,4813,2485,84,991,6165,281,22829,12373,787,985,29504,3066,6290,148,2206,146846,13680,2768,12225,116,314,1087,74184,100289,1035,7909,106982,2683,3674,1166,1215,588663,13850,24762,569,2452,274,5248,540,5115,52,356,501,6919,209,3604848,2860,276,3161,410
ERR912047,controle,3692,140625,331503,354685,27479,60803,981382,2224317,142623,517405,14725,81897,101897,24875,4998,7423,172388,40662,5929,32042,105920,167404,110353,242908,173130,42662,114098,1611,134539,4702,894057,3622,91073,5513,3953,3291,146,389,3922,4374,913,29767,880,2830,73008,760,787,2821,74761,659,1479,1033,277,6929,1267,486,7266,5431,56955,1425,547238,25839,3052,2930,2457,4354,4937,30311,916,4042,10652,4765,15475,15585,2655,2721,14427,7675,16932,21145,6285,5887,108141,24111,110866,1157503,111693,656239,28118,119346,1448,2407,23035,6170,30916,6928,1633,11421,16390,3591,3071,6307,1486550,58690,28477,870655,8415,1637,4348,72915,68277,32304,8443,21201,69397,10750,39483,6488,6231,4644,1497,6759,41684,40412,4925,15074,6814,1589,7765,66526,5711,18126,360012,3794,65902,71953,2425,1358,55503,5630,15105,395,2546,17356,1165,1936,32159,243,778,1944,2283,1979,1373,6346,73152,157,196,305,166,5231,7260,7428,3375,8152,2535,8259,2849,7094,169125,2039,48415,53382,21872,3771,19277,4210,17770,28152
SRR8556986,controle,680,24686,1986,10618,635,1857,136834,339025,28663,236160,15777,8336,17687,41587,8959,1638,32405,49302,391,801,4728,28760,27710,39864,26933,125957,36941,626,94708,29166,235405,2606,59975,4363,12026,1818,561,603,1013,1853,351,5239,278,4541,12293,134,163,516,19044,146,197,1190,1586,2186,756,717,2125,3344,13009,310,98004,5999,816,586,322,558,1271,6041,96,2153,36695,22442,704,12962,4295,1501,4731,6699,6996,3799,1028,932,41553,57789,54336,99319,3042,257574,3865,125058,167,191,2313,8488,10038,1601,1076,1160,3732,4149,1097,5315,10118,10685,37845,35098,22105,684,3537,65167,80641,7668,13513,1375,5905,2107,4070,4577,2735,23539,83,4047,33279,21956,499,5837,2127,4720,20309,27592,6389,7731,266252,338,32621,36743,686,1480,17772,1716,11304,643,809,83355,7169,1370,93276,518,657,6221,1618,2194,1052,9919,89161,2201,2797,864,853,2756,1182,2638,1468,1238,190,2335,383,948,11821,4775,6026,18748,4117,535,3036,430,1860,3016
ERR911995,controle,1050,88653,507247,637248,57534,78999,215608,247373,34455,2433725,34833,246707,96593,755674,127773,18179,556484,1372815,15653,17214,18336,4711,136574,274468,189627,145130,478150,19551,843088,1247721,1086408,26026,25089,376,105281,18103,3666,12244,60267,42582,7707,222508,10700,19015,213045,2560,3555,9915,224032,4228,3248,9965,32067,4359,7818,8062,5131,354382,380740,5728,420486,16758,1645,1371,1248,2798,3111,65987,3022,32861,209201,119221,3093,53945,3959,4745,29247,18565,45397,14065,2827,8910,228251,85815,207506,414562,6005,681457,38948,123995,437,1521,5050,11385,91739,4219,3034,15951,33524,24012,6869,14048,114511,119645,52851,172480,167310,9381,102022,285010,336385,40864,16735,14621,35994,32528,57813,13042,19263,1357996,3208,121270,97202,104920,5844,23935,11349,15845,82556,308998,36831,29474,926213,10855,587743,522801,7871,19356,355666,45628,152067,7288,100354,3462617,8612,2878,981634,4124,3329,40942,2193597,13045,11861,192739,2018721,18387,25354,7775,7689,68158,9424,10956,11125,25098,4737,23680,6636,12378,365813,2027,41373,333116,22837,167892,20886,21741,13924,35192
SRR6784554,controle,2180,1105,63760,106440,10456,69902,439,2124,449,37713,777,86885,3899,4690,405,183,827,16610,4485,8432,38546,889,34974,13357,103767,35576,178634,2939,240295,4850,600246,6146,82301,7897,23984,1373,661,115,2312,8077,3769,19133,121,10737,198530,19342,7208,2801,67370,1981,5168,4874,15820,6785,12288,2980,7736,4715,89645,3233,166682,23021,1862,1811,1348,1248,4213,45310,3181,2209,2732,1056,8901,15523,2322,3671,6057,9709,13610,1220,3990,4484,23894,2598,56067,5998,961,27341,10035,7339,751,1550,2111,11431,31980,1223,1650,2922,8162,834,1180,4969,90662,15180,1841,36268,136277,14840,19595,329460,222100,5049,11168,3866,8996,9223,14300,1769,1038,7510,2715,11720,45265,37714,1549,11850,4374,7916,36766,24268,1513,4357,96226,1137,24678,36790,1724,2309,9544,821,11483,910,3133,756016,1482,6348,275148,2093,1443,22370,83052,2321,9571,75623,761994,27238,42303,12084,13404,4728,166233,248784,3996,23569,2645,140581,18064,85654,25885,1501,30287,25556,915,1885,6573,1583,2664,8281
SRR8556990,controle,1064,5048,657,3511,161,670,18990,55525,6662,249219,90178,20041,27294,28947,2778,3480,65503,48313,859,4135,2489,496,10021,3921,25614,55615,56194,521,98848,3419,445926,1546,3012,37,4955,91249,5566,5056,1485,7963,1763,33039,1437,3534,37372,1246,867,797,40822,596,1445,3726,684,2496,704,2033,5801,69731,15770,301,185285,10868,1077,1163,839,991,2475,33554,978,3787,2998,1462,500017,4107,335,410,612,1675,3484,445,1146,2396,34812,1412,9466,20333,379,20147,1882,19053,243,126,10031,130,757,152,494,285,235,275,283,1593,12075,1831,15411,7146,689,55,321,3637,3286,3595,1010,31,893,190,410,365,579,3249,56,649,3112,4529,250,424,926,1411,6565,1340,308,1175,33307,33,30486,23244,662,3912,31184,3416,8522,275,733,68445,767,666,296789,2279,1790,19570,802,1625,2092,19340,59777,750,1572,435,344,1081,1369,529,3983,887,66,539,92,1076,114372,371,129553,47476,586,493,220,24,439,2963
SRR24907950,controle,565,734,557,3874,95,1409,39,1014,67,6889,10467,1366,5097,1678,492,402,991,3720,524,490,894,739,6257,2926,74057,21110,65319,5334,333363,20678,250992,4620,42161,4351,5694,2137,1088,3259,5081,3818,2398,163257,918,4641,49458,4238,2296,1637,30452,553,1797,13259,1814,2790,1524,10139,3138,5533,28756,1337,89579,10874,1264,2424,2086,1184,2192,16068,741,9960,4035,2765,13260,19016,262,3179,802,4605,5345,599,280,4450,55192,2702,17051,3295,3291,20452,4755,3338,12,159,3984,97,807,142,1430,347,393,2380,650,1415,44554,3029,1580,2289,14809,2384,928,22206,18952,2309,1273,58,2667,575,1091,552,341,273,42,505,6247,8365,199,311,2296,245,5251,1428,185,1921,16569,31,321988,135509,3010,13207,332622,56801,53400,3890,180976,140462,872,2814,709987,7570,5484,67844,3412,2591,5864,27043,111108,2988,4783,1398,1134,1335573,1729,5273,1396,695,45,501,69,526,48,390,533,8757,818,11545564,570,60,15645,801
SRR6784524,controle,13084,12068,17036,169572,26192,20401,1241,29020,2523,2451911,8762,83507,906292,30782,2803,6351,33406,557816,14913,93768,311528,6123,893759,191629,579490,2673116,206151,5576,1315517,15164,1890074,8534,38956,631,104891,20127,5138,12724,4519,7325,7535,42967,8543,3503526,78167,8143,684,8738,122399,4281,1569,479,3362,1695,1291,2525,1301,1688649,96157,3324,140873,3889,905,647,156,302,810,53529,601,15811,22028,3902,18853,234466,72368,25586,53285,106885,308490,29906,11383,8089,850388,43551,923892,96616,37182,304811,240649,69553,1884,6708,41225,326609,775213,13151,24002,51819,67380,17896,40820,34400,407512,285185,30465,46053,2419370,96656,337999,8447769,1529970,168119,238680,100310,492505,27620,163273,52723,16294,25635,1899,3231,512544,631323,9008,217358,70811,156,19448,49095,6305,110607,452961,7503,18075,66505,2254,11981,49404,1540,20171,1963,13622,39828,1664,3721,63630,1364,2089,5129,6255,40824,4633,12653,219267,1379,1526,2216,1063,84638,14333,39686,378433,49156,32573,35087,11273,72656,6229,3453,45466,269674,28646,26449,127979,8824,146815,124865
SRR8556973,controle,584,15812,334770,554556,68252,120255,45,489,121,1831,346,305,1536,810,89,175,208,7715,6,15271,47741,99,31888,5354,71817,15174,77884,815,59687,1280,534817,998,5006,274,1502,2219,401,170,1508,1159,239,717497,578,2217,33570,821,380,281,25691,952,4923,854,4214,881,3047,489,973,3665,8910,513,57657,2749,306,285,285,450,531,7951,137,1838,821,310,27748,21403,1686,3841,2789,9222,11503,627,2050,1259,25988,443,74546,38305,382,5921,2658,1731,416,513,5046,4216,7286,1645,1339,1575,6363,168,1152,2939,16768,19628,2060,100950,120055,4894,10605,251709,96405,1869,18849,23033,33795,28463,49964,778,847,4301,10384,41283,59144,36513,232,3875,41094,15,459,1379,498,2802,95324,2563,30356,20674,306,1402,31037,3367,8501,547,435,230715,856,110,44982,358,1147,3904,1067,2117,2959,15254,236589,6776,10583,2747,2379,1938,113565,197039,2476,5875,1938,20195,2314,35515,51928,263,42809,19345,724,450,15350,3501,7171,4167
SRR24908049,controle,20748,8256,47029,76577,6935,18425,5279,9365,1165,73017,1525,13784,3554,29888,5889,1145,9599,22687,1697,3202,5769,474,16083,9309,79824,162404,21801,2372,129040,88650,318353,1411,8238,638,3637,220286,13706,26294,2252,2873,682,13012,287,2380,46378,3754,1760,2110,25375,571,1357,2836,1317,2673,482,1556,2670,9638,21738,919,77781,8315,1027,1111,981,1486,2016,9438,684,8924,1738,1267,2287,13106,621,2264,1256,3087,8556,1005,22505,2069,23697,6114,50365,59193,950,39578,2415,19202,5462,5175,705,5107,2643,2094,14463,925,2332,434,851,1557,6993,8298,987,64170,13194,1945,1196,30472,18221,1493,2954,3016,7380,3895,7703,817,770,8881,7487,38020,28180,46080,9989,845,1849,1349,7826,8063,688,5249,61666,1407,1588,5283,866,10359,7613,443,1001,462,897,37967,394,1365,127807,1493,2401,11945,30474,2451,1839,6930,30983,458,977,328,362,2842,10595,23364,4107,13467,2070,7093,881,14606,17304,8136,15332,31392,1207,2051,3486,922,2067,2121
SRR24907984,controle,10146,119870,42959,116314,8311,32053,90459,164634,18260,595737,39436,51181,86070,137874,21583,2171,21110,136572,5599,64326,52784,25186,101279,514647,117425,425093,76584,12041,439647,16033,516764,8895,25395,2451,93477,4105,1980,3349,150144,24321,15256,15245,782,16762,49262,3668,2264,3088,63026,2242,1774,8011,3434,6988,2030,5408,6679,16119,41957,838,157127,24483,1852,2380,1467,1719,4792,28297,2992,8764,23621,17905,3133,45775,7525,8157,8346,45341,37521,22823,10365,5628,369728,250181,371383,346711,46193,1259331,23200,150096,3049,2312,15477,44446,24300,94874,5365,8052,22856,35729,4989,2645,39208,55366,199996,349518,117315,10092,26347,325427,448775,31669,100146,43842,81717,26829,146163,5136,23358,279329,4118,57543,186095,503005,3948,5023,6142,10691,62258,130596,36183,15579,1541765,11023,61521,49697,4602,3017,37566,5097,17986,3078,512034,155410,10602,5926,417225,5920,4383,38587,2897,344413,5590,23333,143453,4255,6902,1805,1981,289586,76174,100042,122967,16129,4049,102002,11404,66047,63605,3319,112862,123658,20195,3182349,23137,7302,36734,11598
SRR6784591,controle,3545,738656,81139,151385,17997,60437,51034,116138,21424,809607,738624,293310,48577,401217,51656,31503,26719,399459,22057,11488,4491,11223,132331,1053106,395856,138668,340998,7367,1933941,11614,3691825,18426,91221,6021,55367,918962,58453,105622,11476,29839,16754,142667,2403,256515,140002,3180,1912,27150,334208,2836,9190,4287,10045,92021,10308,12893,79216,172911,131457,12223,2369373,347595,31215,25272,18511,25214,45616,86049,1573,21808,182045,96851,20861,13397,4902,6305,7216,13860,22810,173569,4177,55442,282144,219700,145053,168927,22182,2284090,48258,65143,497,854,254833,6500,25882,11247,98560,5525,10142,36737,8560,9651,147266,258856,39052,67727,446263,42486,70091,1049270,787941,81149,62569,73797,70498,222422,306015,15046,30568,4536,589,2671,68664,86263,6700,10725,6086,18830,116826,527388,37177,40639,4362741,34150,560501,313106,15042,12448,526248,55951,141992,12596,659448,246375,6452,13842,197306,884,1822,36446,188948,14148,8172,40548,389586,9824,8996,2507,2276,1050731,86897,138494,12700,11415,6034,53314,7936,46592,60665,3278,97286,505286,22749,67770,106187,40871,32571,32993
SRR24907983,controle,67895,11422,257833,430517,48415,73694,85,2297,365,221766,16440,8189,19204,53748,14587,1760,20878,54297,1838,22728,37727,3899,70112,27126,115383,247022,107573,8753,665862,40849,835099,8436,133077,16053,22877,4341,864,5694,7528,11412,7435,31808,1682,9507,63716,3869,1919,11202,83580,1990,2811,16812,7611,19794,13699,19807,12123,327148,108239,3862,257895,51991,4083,3513,1991,2456,8041,31759,1648,13020,118198,73710,3772,17617,2372,3510,17570,8383,21424,2002,89704,7316,215452,6685,201266,51517,4321,87100,12613,97924,26407,20041,2859,16753,20161,2362,2252,3388,8119,12822,4667,2991,46896,18812,4771,92299,95193,1940,22413,436000,127249,6316,25248,31049,146968,7501,37197,3630,2678,115463,5548,42373,107317,203827,23310,4950,4602,6586,43688,39814,13920,6340,80211,1267,107611,90872,3800,3991,57271,6447,28879,3889,2081960,160966,58961,16251,760337,7499,7775,70342,5002,345435,7706,47472,145160,2392,4880,1332,1315,1966998,17390,19265,20945,10797,2491,49352,6157,17918,14304,976,24400,19000,5251,8975399,22390,1139,29002,8236
SRR24907892,controle,8914,1348,34108,64612,5357,41737,144940,220582,24364,200971,16839,3316,7549,69600,9571,2022,39760,60211,1500,9279,33902,650,23393,9968,204935,33921,113827,7188,324648,5902,161904,13370,43284,4641,40082,2887,746,743,2487,8360,4044,16960,452,8286,24061,417,416,8806,44157,586,937,6433,8297,2283,6926,3590,919,116373,55223,2725,36044,4054,559,504,270,310,797,13028,577,6392,2006,1031,2689,25646,1047,1754,2194,5360,15414,521,5547,804,175933,1090,47175,4827,1047,15171,4184,24277,1727,1333,1697,4336,4740,1155,5114,1326,5286,3046,1047,3219,26816,20358,3053,63894,45711,6432,6754,100049,67869,2161,7672,8378,13427,13319,25784,928,838,12285,7020,36363,41228,66552,1833,1801,1848,3388,18251,6021,1838,23972,46618,2171,29944,22651,1729,1462,20217,4020,6928,1593,2708,334745,327308,29430,297234,3621,5410,35582,3304,208326,6650,33155,322894,13885,21674,5817,5617,7062,82106,202089,22239,4873,1131,6597,1054,22624,40778,42018,1916,142508,1786,3459,10257,3051,3152,2930
SRR24908007,controle,451,801,33049,56525,5388,13106,201,930,114,114697,4677,3270,48522,1336,278,282,1863,23371,1377,6200,9752,5874,12935,3865,276833,15389,158386,1054,402502,2467,507161,4293,57271,7703,67235,2904,832,2513,2273,10004,6025,22294,889,12962,86437,7207,3850,19472,57918,1097,1972,3623,12930,5130,10828,2397,4395,453218,20457,562,120286,16104,2437,1775,1257,1341,3388,21084,1162,4298,1933,991,5192,24875,510,554,1490,4207,14720,203,651,3116,20167,776,21902,2872,1462,8263,2100,5989,56,55,501,225,1248,279,483,374,1080,604,2529,3559,30105,1981,956,13370,8766,189,867,36719,10645,2038,9606,111,1420,431,776,762,271,45626,227,6855,27681,14175,560,3264,1524,0,7040,1521,174,5304,5856,85,70116,51466,2117,1972,53514,5763,19754,4675,1939,522703,1410,10204,89601,1226,4057,13844,5208,2627,6495,27875,442667,25937,37156,10340,8630,4666,1059,3527,1570,1325,218,2758,287,905,4623,5461,851,21687,442,2811,488,7,939,1256
ERR912079,controle,9474,14538,7883,10589,739,3877,335917,443887,55069,109285,59600,3956,11744,14374,1703,3771,59534,1962283,986,5377,7097,4214,75419,399530,90240,201447,321342,40045,244486,1673577,476727,8285,176517,10463,29084,5981,215,166,2811,8108,1259,24305,332,5599,174471,3546,1810,1491,124697,438,2388,5580,1356,333,1134,5047,323,9084,51562,494,54861,616,67,54,140,88,172,41720,767,13879,4884,2055,13668,19098,1906,3355,8723,11834,14673,29206,6533,365,675153,47070,149519,79959,5636,1683905,20033,1848513,1566,3110,7944,3503,32357,28359,2616,6306,70253,32518,4012,7337,124531,62116,796906,25790,279652,12727,29407,958208,1242727,52027,29305,1873,19640,4515,15515,6375,21144,10830,1116,6833,57084,60436,8935,4824,4976,14609,61034,343059,31483,28071,979696,3046,12826,65137,3749,2716,13207,2679,30127,1771,49793,268670,129820,6163,600459,2550,2118,24395,3275,16682,3062,61941,349661,2111,2549,917,719,164722,2388,2601,7737,6322,1658,10036,4137,23070,72624,2297,5720,45671,18908,1024942,6505,3163,10113,14290
SRR24907871,controle,31626,106786,522197,609810,73798,126160,183613,250265,32524,695470,57484,129400,59375,14075,3521,7623,172380,145690,12182,6437,8436,1808,79364,379307,253650,105691,202557,2043,669835,9494,1315768,14029,113509,13398,227666,6458,3180,1204,7331,8499,6563,40924,297,38131,177472,10895,6600,4549,109469,5392,5877,2372,15890,17355,17680,2125,16455,37444,112657,4515,290093,47457,3972,4314,3473,4937,10214,103984,7513,14685,9583,2478,21316,27632,3818,2898,4715,15967,23241,4490,33975,8700,142420,7475,134926,22459,16097,189709,22837,55296,8177,6220,8757,8066,6974,12427,2482,2882,4319,6953,8098,3663,58679,113039,14022,65915,188708,30061,33070,439414,360773,18789,97577,46420,78835,58113,134160,4679,9554,27058,1137,5072,175325,120115,14355,3267,6907,19181,88596,69756,4078,27214,750700,13628,159998,43596,9747,11852,271546,25200,33947,3269,4468,683294,2868,20421,50352,385,3915,8685,3944,6896,9051,28448,594253,39486,43930,12623,8709,7733,12694,14278,31871,4697,1442,21381,2301,13471,23809,10320,35266,76652,12565,4116,46940,24129,17699,10254
SRR24907957,controle,17326,3277,10433,22186,1746,7538,130,1769,281,115017,728,32732,12696,33831,7781,508,4327,29884,4731,14751,9239,924,12869,28937,134421,73650,132609,888,444478,3148,408881,4919,39454,4951,3450,4282,510,659,4034,2863,2238,14672,612,2973,81853,7584,3963,1883,42209,1039,2894,1531,9153,5351,7924,2380,5383,6610,102872,5109,126865,17527,2215,2440,1048,2376,4032,23587,2336,4692,2416,888,1163,10988,1429,1776,1309,4096,5502,521,18779,3010,23400,1254,50452,10431,2428,37124,2082,18807,5271,3580,1818,1457,2253,631,502,708,1169,2024,1334,1541,45078,3461,696,9597,13011,703,4296,26784,14103,3018,3081,2475,8892,578,3855,621,1093,56247,657,10453,15615,37052,4767,1075,1128,1595,8830,8573,1622,3696,38087,118,201030,133082,2356,2253,60514,7962,44909,4581,1685,369822,1144,8793,35488,534,1554,6321,3333,2002,4876,18545,327904,19506,29605,10243,5122,4139,12981,25290,17793,2043,479,12430,1321,9193,5882,4918,4776,32928,814,1919,1785,65,1884,1426
SRR24907906,controle,12778,23383,30752,59408,5244,14204,73384,89897,14325,343329,1453,30894,139259,39313,9899,1325,6077,69799,3854,2304,11499,582,33287,7928,92309,28274,84489,647,296703,9703,403615,3867,4350,43,2858,2432,565,256,2109,2489,1553,45195,453,2744,61540,3409,2498,1962,38130,2100,2328,1164,5503,5838,5861,629,6233,4878,32127,2002,158044,22693,2235,3620,1830,3129,4452,31563,3149,6970,4284,967,2388,82824,3378,2426,3399,15767,48935,1145,12510,6033,28935,1980,79721,3302,2908,20927,6534,18959,3739,2837,1153,2630,5704,2112,4225,1601,11547,1598,3295,4381,20866,34545,5590,10805,60336,2726,18724,136596,76153,4133,40746,11621,14136,22970,42120,1776,3258,13999,225,2547,74135,38575,3349,2732,1979,17,2495,5331,605,7591,117479,3590,568,6055,1405,957,6997,908,1138,1075,1005,230210,1399,5019,24879,438,2082,6744,1158,1646,3423,12758,223690,10838,15402,4056,3475,22299,9784,25435,29283,2871,675,3859,553,7089,29368,1535,47578,35761,2932,29827,17758,6205,5034,5725
SRR6784406,controle,102138,9009,442402,1009324,83514,316598,3485,18140,4974,772378,7917,148978,119750,632498,80519,7958,24947,353013,13593,51532,200592,47583,161302,75721,720442,360921,1235296,37531,3188172,70953,11055224,58516,1475532,146257,1253989,38301,7414,2621,42143,67711,38657,853973,10068,126507,998724,84344,35296,35616,513243,4584,29880,17722,58506,54642,65139,10118,104903,71639,2584461,73444,2355880,295688,18713,30613,13944,43666,37562,244488,16232,57220,22026,5010,27921,40243,29382,15609,14891,28792,47783,46089,151324,65506,355735,8427,458599,367630,31651,694918,58548,530194,30739,41985,16411,38873,107664,7288,10543,21386,30232,21131,4665,32143,185445,90475,17950,392920,151896,13412,30388,433935,210160,33967,29772,30381,53037,75236,106887,7001,11165,179043,4952,42285,229806,922587,52261,26499,22423,40295,199532,120827,15223,29009,262833,11202,685911,269961,22851,67120,1350391,97046,187744,6772,13313,2769516,10547,72112,612526,4455,7262,87363,29467,18999,32964,255853,3019460,100125,148305,48447,82895,69029,1652029,809950,64472,146157,24426,93431,15687,1009362,30450,49083,14465,152627,4385,131676,38958,16380,15960,29925
SRR8557024,controle,1466,1094,72309,141390,13760,34985,74,1344,129,162258,10806,35483,11062,32049,6792,1376,17630,27385,779,6697,8868,4176,28252,46488,27625,10576,82192,818,97669,1684,311786,1746,18296,1104,3189,1566,618,222,15981,2047,954,5383,173,4342,31134,704,709,4673,40334,486,1275,993,3344,985,2660,517,1351,195616,18980,414,79118,4024,490,489,204,522,765,21176,659,1703,2060,949,2107,12200,1258,2519,2371,6242,10557,2060,2250,1025,30937,27511,64564,17680,6461,108902,3205,22317,342,347,1112,6820,6511,5297,1099,1528,4402,3689,1522,1520,10674,25342,3227,44206,58242,1438,6801,157439,81862,3524,15601,18051,12971,35853,54787,1011,1783,51469,470,15423,64524,58476,880,1968,1515,1477,7351,15375,7577,3394,180450,3298,25805,12239,880,1115,30106,3213,6850,325,736,220571,707,1021,49362,364,514,4266,39212,3498,2069,15594,214971,6057,8354,2271,2525,1914,28186,46326,12953,3729,877,17732,1749,11104,627,1448,1234,35620,1559,551,16716,4563,2963,2489
SRR8557003,controle,1332,43,2268,3768,534,692,572,1657,184,10632,888,687,312,2220,660,111,905,1749,44,503,1139,648,1753,5567,981,1408,1863,49,5559,115,6778,77,1164,52,293,854,53,41,92,285,66,183,12,261,933,27,16,22,722,11,22,30,62,45,99,22,52,167,1114,25,3482,186,20,22,9,17,53,234,7,127,1497,805,24,635,69,75,180,279,624,277,954,60,1286,857,2653,783,35,6749,225,863,216,123,57,126,286,64,96,74,508,75,84,51,428,426,54,997,3052,89,409,6223,3107,307,1215,291,713,160,468,64,98,1072,9,184,2479,6388,113,134,87,148,637,1059,214,798,7162,25,1208,1647,30,79,710,75,471,31,1659,3760,34,20,1899,12,14,158,687,217,38,328,3687,96,125,38,31,749,109,204,905,256,107,254,33,168,1660,942,1066,1846,167,1048,159,32,260,169
SRR6784528,controle,1967,1274,2792,22228,638,16318,46827,95313,19724,97191,2762,5879,10747,8320,1805,1527,37890,43245,3721,1728,14374,2025,19028,7009,206959,917274,563505,5465,906773,7515,2079960,17897,15719,1291,21707,16093,4625,3271,4789,31643,13683,85187,909,13045,1044339,56609,26835,9732,222570,11056,17625,7398,30773,5339,26549,8353,5203,857242,62248,3038,185749,16528,1299,4234,677,1695,2449,183794,10972,11749,8426,2220,27929,17240,807,678,2461,5265,15877,560,2722,3307,250212,2205,51026,8565,739,22701,8832,3888,584,733,1141,306,3152,725,129237,1458,4309,316,1805,5311,156217,13625,3579,37790,65680,820,22043,102272,61935,11277,9483,1908,3837,6054,7548,1613,740,259250,1968,35810,24612,18251,1080,4477,5697,14579,61460,3962,295,1380,18564,1017,263929,333478,10990,5476,55432,4255,100361,8775,6215,1981516,7052,11497,213138,2769,1374,24660,1215020,21237,21652,132712,1421861,55271,82273,24947,21152,10695,63835,73930,2148,4625,763,85225,10736,43842,1419,497,2512,9257,333,3124,2967,1237,933,3457
SRR6784579,controle,147021,86064,114731,246393,24250,84704,21478,54116,9357,981656,123050,63679,100432,537282,110481,7454,99783,419378,8569,17468,139774,3027,87980,94908,420890,350709,545985,25575,2102460,17689,1375646,20531,230641,23580,47086,13240,5152,2367,85625,19996,10927,100138,4229,19936,146204,5954,5756,10783,193448,6303,4588,12120,42086,35971,45539,8019,22721,175639,238412,7343,615483,68233,6640,8617,3665,6225,14902,124464,6345,29728,591504,345044,31431,131965,6759,13123,13999,44525,118077,2332,82108,11234,1452182,8989,241681,54737,8275,107646,21067,146795,21239,29107,9214,34153,35467,36810,4176,7402,22360,6918,4038,9770,143829,43606,13096,54726,366021,27193,32226,1295489,373897,14989,67550,19157,75320,20361,38164,5386,3063,82044,1827,13594,171255,378071,31417,4947,7722,44683,204636,17113,2262,24609,290813,2687,324020,221584,29823,55034,321108,31522,91780,5514,337943,2021991,6101,25839,424338,2974,3807,54576,97765,24453,20355,177794,1904760,79991,122312,35311,24726,1902161,136578,212150,13636,14794,4709,110267,15023,121286,41795,23119,40700,184320,2923,16402804,18607,4107,19880,16163
SRR24907834,controle,5313,26226,809454,819377,108602,199304,32665,55080,7601,466324,49466,8519,18273,229064,38350,4157,46139,134372,1356,5683,22086,3565,113535,287001,290683,258355,225555,6390,920191,209972,1374408,11158,28107,1750,275326,5331,2196,12401,5905,13988,9776,34358,2415,63335,86269,4686,5116,5913,133720,4329,5129,4025,14302,19939,12525,4472,35823,200252,71579,4606,490512,74768,8839,8725,5376,7269,17491,51834,3316,21826,143539,103484,56874,46927,4009,7908,5233,16563,30471,11689,6067,18913,333463,63039,181964,143300,10434,765782,16478,137796,1794,1323,14172,26691,21977,7505,171426,4789,15934,7106,3181,4307,42322,32909,51385,112113,177798,12440,17590,477797,194516,22769,35420,16639,57064,13892,32919,4492,18723,38442,8129,39722,116899,88686,2100,4085,5405,5027,33721,57843,5850,10421,694117,2276,86146,64593,4721,3993,59152,7311,23639,5380,774978,577234,1803,5081,56850,1000,3026,11490,250362,3676,7971,27200,507016,22719,32190,9587,13917,247794,18267,26715,8461,39540,6136,45057,7272,17050,102206,938,187338,144439,19829,38900,17085,2859,11147,15695
SRR6784551,controle,1122,6168,85043,190780,16355,27638,1738,6482,2132,94572,31801,26045,14684,15455,1974,2797,29996,58151,5323,14984,24113,27400,78311,532400,118539,27690,275463,18109,613035,519775,614646,25320,141567,16156,15487,182124,11065,26467,3774,6984,6369,33116,2560,21492,87116,6948,2594,6755,230988,966,1811,4205,20251,8009,18006,2718,8650,11475,88831,2458,277822,27255,3233,2550,2366,3569,5640,30325,1904,17081,246073,134860,4287,31153,9829,2294,7533,12983,31675,4604,2054,5734,57205,9714,150869,2839956,4572,246853,17814,158924,457,1029,8100,12652,21142,19656,2484,5949,5692,16923,4947,7113,48796,48244,68259,99368,107786,19312,9480,302222,217106,52385,22738,56102,170811,13663,71958,5184,5246,8549,4492,22176,122807,305379,2064,3277,7864,26109,114842,49310,15301,10236,216126,3628,132780,169339,4202,3134,21812,2095,56685,3252,5141,1057516,6878,15830,141553,1694,1231,19598,10687,12045,20692,82559,1065020,42377,67792,22464,12769,101498,5303,13322,165855,10645,2517,7495,1828,31900,2006,1769,8100,34228,3612,7511,39930,3257,32726,15214
ERR911990,controle,80236,6597,176627,128666,12945,33078,70750,37688,6930,691306,83269,17296,62073,262160,28399,8763,216288,732866,2476,22004,234222,573321,81347,324126,113387,174123,509915,18869,566556,813866,4431894,12817,205100,13215,1628327,22023,1934,16328,20795,18186,6822,112687,10811,124401,465814,9283,5032,64857,295437,4844,15667,3325,5884,23266,5399,3120,19826,999852,443644,8624,1283279,89067,5992,6112,3784,4178,15617,178608,10134,19369,97403,44182,21469,93919,4690,9332,29179,33425,67270,1432,11265,12768,399405,98673,122709,213087,27548,579503,21570,992149,4460,7260,28468,4231,43836,1608,1199,12041,56994,1619,10331,9693,58410,41634,3420,183844,254007,3524,51063,424651,363241,8789,36730,9052,27672,16345,29539,5358,1838,28477,1995,10214,118561,270034,7969,18435,7830,16412,76933,5739,1177,9320,160331,15205,400457,429488,4037,6534,258003,31676,94025,3286,6573,1134754,5882,2327,322701,1658,1714,15064,9161,24022,5479,77640,1143208,11092,15818,4647,4642,440106,27198,27986,42422,27203,7555,58121,9766,37557,282380,2297,95156,66296,2191,66396,11931,5855,9066,15300
SRR6784585,controle,11107,7257,23288,77517,5356,31256,225,5097,955,756914,10614,23336,42669,442380,90399,6172,103349,310996,4006,16167,38686,7447,82921,148234,235773,222261,585541,5031,1298134,19579,3030909,21751,26781,1095,31894,8434,2893,2369,8924,31647,8154,88815,2884,362441,568006,30732,40607,26356,269435,12589,22409,8283,24857,50142,22165,6191,68796,23581,320747,13498,1654103,196890,23169,20029,13225,21278,41755,183881,11846,60694,8562,3291,3966,47173,5402,5404,8204,25198,46489,1356,16174,39820,321010,3515,131373,21775,3701,172597,17970,92922,3394,4877,3561,7297,11416,26431,2995,4983,7085,8322,4351,6651,89557,83849,10187,105695,122498,26679,18146,198222,143088,16231,75497,24256,20837,71829,89450,5206,4834,49121,4183,26347,114112,144869,5836,5094,6017,18666,102817,29407,6741,9016,256039,8518,196050,267818,8270,3598,42421,7146,75073,9297,6927,1200106,12980,12408,208887,1587,4117,19463,8807,7345,13601,109202,1350397,47442,69399,23038,22916,22421,69296,110788,125658,10492,2179,52008,6294,55133,60354,1417,72139,56980,4489,38860,31544,13682,4509,13212
ERR912003,controle,16000,64043,57382,62744,3535,58142,13994,6594,1152,45641,101607,122397,13165,9731,1516,2605,1371,25813,2978,29673,7311,7366,65905,15732,186356,110569,648148,4703,623135,3962,3308334,17361,375201,21213,9614,14928,3341,1109,14766,82919,21440,311144,1551,9455,590965,15161,11078,5740,294604,13494,26168,3519,14540,12401,12753,1605,15005,3528613,105862,5389,1115703,43113,7153,4872,3383,5424,9680,395373,14943,14676,73569,29776,28649,34175,10459,3425,16356,19498,27925,14596,18416,10213,174134,28720,168626,22542,1267,94244,17021,41198,3788,6820,8549,23984,39935,20837,40392,8996,43994,6426,5095,5820,56999,80254,3918,34584,477330,16235,23131,1005264,359034,16920,71728,84635,204075,46234,125533,6545,4701,70037,3783,17781,169146,134923,8704,11428,5708,3072,26849,44946,12461,27257,175485,14480,925222,61284,4113,15074,924027,113463,107428,2124,4528,4630542,1919,1715,125978,604,385,13638,13600,111471,10078,146282,2860635,30129,53861,14202,9393,14637,339190,864630,58847,16388,7681,19032,5671,86310,219383,53056,13871,201546,2413,5883,57777,11606,35040,15460
ERR912200,controle,229617,2873,370517,433444,33915,130525,127526,107191,16546,112092,6077,32167,21159,62790,8791,1477,8912,15325,2850,8472,156625,192933,220951,666421,154125,304866,173938,9354,190938,5937,1135463,7493,140239,8637,125772,7879,588,2991,11084,22394,5584,22469,1410,96265,156301,3800,2508,4336,94306,3108,5684,3851,1472,2679,1318,2561,3330,10016,177267,2758,191215,9621,1140,909,746,1627,2289,118611,3693,7780,1481,815,66740,407624,27428,59615,154845,173156,270584,3394,117634,4862,390486,141939,682295,96533,645397,920514,78644,39307,34281,50772,38470,36362,243075,2694,5132,36671,61212,10616,14412,22693,55173,374466,21469,84549,146570,6197,19492,634665,376242,41662,265827,94849,86758,299455,392695,20175,22821,200759,3280,29026,640382,667019,32472,50813,25594,780,5574,79302,10571,48659,512903,99652,151366,60073,1504,3744,229899,26570,28904,1342,30200,279099,5416,668,318225,1813,2247,17042,86514,16207,3156,38931,328192,2197,3205,1417,1502,1601717,243558,624810,264713,68484,10323,47090,10147,210182,1276223,32477,112408,636788,20632,164568,151858,53028,18346,45444
ERR912133,controle,82288,124347,205135,164456,15637,86159,58422,46725,6912,656094,22698,8407,10255,480309,76111,1901,17927,55835,2312,8441,3516,222,46463,86289,61989,1036554,173438,9935,324421,3138,551020,7081,95260,3986,18188,32309,852,1913,63887,16916,2806,18736,1469,105302,114528,2366,1627,3453,104673,1195,2620,1214,4431,2093,2381,1062,3734,67422,41081,1680,135729,6690,723,630,595,597,1859,63547,1765,5341,144144,42757,4917,22344,4155,3817,11159,12343,17092,4744,103429,2301,297987,3261,130322,24586,944,43692,13968,12299,17835,19556,5510,41222,90874,19154,1097774,7985,33573,4645,2496,3188,26593,30761,4764,46036,91995,4580,11529,204441,62833,9309,19213,6169,20953,7028,14769,4758,3448,70012,7689,34932,92829,241784,26874,25619,6057,2278,15438,50907,5552,11399,238476,3089,207798,161751,2925,3584,139270,16097,43182,1167,2296,592370,23957,7722,60790,290,609,4312,185889,2354443,2141,42983,523552,4268,5984,1895,1700,377419,368645,518766,34863,22807,6380,516501,46616,218788,37676,7626,8110,50104,3290,15400494,6486,2283,5673,9406
SRR8556900,controle,14972,1296,8438,24009,1898,14247,2989,9191,1165,148509,4673,14496,4017,64703,7606,475,5428,31081,293,1759,11333,4778,11958,20347,39625,36979,60262,11219,164811,5184,168131,3354,33008,1521,5103,4027,385,287,2296,6195,1961,4280,252,5882,32752,643,860,997,46685,541,1002,1000,2844,750,1906,390,870,98855,37955,605,51097,2720,372,321,213,261,511,10275,275,5246,10251,5892,1058,5433,874,1362,1446,2951,5433,596,17326,821,134059,1338,37111,2707,2678,29719,2026,8469,3320,1725,1198,2306,2771,3026,937,987,2271,1168,846,1061,49410,7185,1045,21351,56751,1102,10083,99164,70410,2517,6940,10126,19781,4606,14768,598,651,5538,2181,11165,30072,38637,1891,1167,779,1181,5420,9449,1176,1891,51478,604,23682,16999,1457,692,25180,3670,6400,465,34697,205992,3047,432,23542,79,613,2769,96787,4524,1713,12094,183334,4321,6271,1612,1849,628269,48321,58983,2676,11662,1238,44668,4044,21417,8435,2497,2575,14175,857,3817485,5111,703,4191,1877
SRR8556918,controle,23557,674,228,4717,152,3663,579,2441,3501,165498,251,9135,53784,4352,354,344,3000,17235,543,1176,530,311,8680,10714,218320,78453,276141,641,311001,33639,1527750,3234,5644,399,139746,1209,861,275,5392,6207,1602,53556,919,27244,345934,12708,4243,2970,100628,1705,29877,1926,11550,10158,9691,920,11049,5624,37841,701,654511,40048,2944,4176,2244,3416,8258,52456,1310,7199,1501,247,2076,21826,453,1046,1340,4260,14838,225,4667,8288,16279,401,19132,765,169,3174,1873,3266,1979,924,198,92,860,416,577,570,474,1311,1564,4035,32853,1593,270,1696,549,69,528,4496,1725,7447,1425,45,998,281,408,541,927,7558,62,1425,19562,29121,948,539,1637,1,1214,3536,155,4506,2359,77,152842,106730,2231,2623,104319,15934,37322,2204,875,742593,1086,843,70454,338,3635,8220,3946,3461,5413,43640,733078,25732,38024,10922,7584,4901,12473,15720,9445,1555,568,19198,1718,7110,38,187,618,2425,927,2103,596,84,311,765
SRR6784540,controle,82157,3615,234171,426990,45875,77587,185970,398276,77853,68743,3702,50538,14774,28201,1146,1297,22513,35869,3621,61650,102250,9979,404004,84576,323050,2716192,320754,2611,698942,281909,1799543,23610,107942,11760,12451,8870,1032,2771,165785,25754,14477,36874,311,27291,741752,45447,64647,7402,150301,15865,28872,2850,17596,8350,15168,1921,8214,14346,167311,4435,329452,28530,3071,5081,2090,3324,5747,320929,20410,13808,8416,1926,75212,110408,26248,13040,26940,77099,110306,3837,112631,8196,720179,8730,607848,48854,32375,123553,74307,292918,26774,33458,14945,1535,49278,8780,10157,19029,52287,11188,28326,23897,104989,158410,14541,288760,782941,55626,141676,2186576,591023,80455,186078,113553,399923,15316,142266,29668,12183,14365,4554,13256,421715,383976,41991,22929,162814,4140,19946,31105,5799,50809,175936,4987,255901,153306,5498,14855,249374,39465,63589,7943,33586,796291,4461,1115,137553,1564,2235,21792,10372,14970,12135,77511,922777,29663,46304,13339,12152,25823,27231,33836,36866,45281,8633,60246,17824,30120,2466,2526,23548,73415,14708,21307,76950,5042,101140,59550
SRR6784567,controle,50093,8113,22006,83396,4873,31189,186,2165,488,79167,67999,5287,19396,14814,1255,1705,22772,152093,1309,33128,42578,17190,67511,99782,110308,90479,115899,35410,625117,249767,387043,8434,33516,605,18440,16776,1005,1936,12708,18994,5072,29604,1722,7573,123893,7304,4868,4916,61446,11931,2987,2034,6478,5190,4820,1903,6135,87253,42415,1109,203150,20679,2290,1898,1328,1831,4011,45951,1827,28843,31750,19321,2398,35306,5744,4610,10064,46478,33134,2621,52044,12829,501804,4214,207709,76273,5137,154627,10291,192101,10606,13742,8053,6596,25576,5573,2281,7300,23614,7653,3706,5339,131241,22169,8684,432687,67681,5411,10538,234822,89220,22334,16532,2569,11592,4592,9180,4051,3011,313433,22846,157919,292975,351040,16755,8026,12140,5701,29833,34847,7017,5645,218944,1008,217122,157325,2811,8436,153495,17773,70192,3334,108698,278960,4362,4339,87638,762,778,7911,19072,41872,3514,32759,311216,10443,16122,5276,3650,3068170,69882,104656,55542,55174,5036,44924,5601,60820,10617,1887,6924,47213,2595,9296734,3047,1215,4589,8610
SRR8556969,controle,831,20694,45974,77569,9374,18384,383,682,90,4485,201,2123,1127,1708,68,109,2043,151103,92,2397,4687,10857,11574,35410,18501,50710,8459,17143,83007,268928,38982,954,5402,11,5929,13689,417,1738,1375,1883,310,5263,85,2501,13347,42,205,417,10945,151,104,631,107,476,398,775,382,6093,14687,330,17002,953,67,179,44,79,180,11146,84,2887,1029,288,308,5959,752,510,1104,2027,6084,2464,1139,3817,130246,684,27547,31541,28059,37764,1944,27530,221,220,1329,8821,8501,5562,653,631,2070,1613,766,567,30201,4475,4133,24647,47978,3057,4820,84300,65456,2869,3832,10476,26309,2914,13987,495,2302,1223,2456,11921,12670,33460,603,841,726,1560,7785,14410,2051,1909,114238,579,31921,37164,1137,889,12838,1671,12211,399,8864,10603,957,275,46538,280,241,3301,444,5796,490,3660,23124,110,249,50,42,775039,2226,5697,4705,2819,412,1896,464,2093,5153,539,6399,8962,1902,1094775,5896,464,5788,1559
ERR911991,controle,82113,6875,80206,89312,4961,29033,2098,783,195,374684,4853,13232,12552,272202,30580,1255,7146,791614,2385,14758,90001,2303,63182,68746,199311,171597,529339,44443,568816,2674143,2200178,28741,80499,4546,45405,4059221,31635,46735,34672,47160,7263,61389,3444,1762463,295797,6839,4008,8870,346219,7303,11020,18350,6110,4589,5085,9544,5082,614891,103042,3206,408637,19697,1284,939,682,1448,2722,123822,3437,13481,117322,39986,13275,46608,6566,3068,18688,17186,36590,2007,46174,3171,165462,5385,208738,37051,2477,49785,19209,54602,10474,16288,3968,4870,34149,11083,1730,9640,16772,3803,3823,4761,49950,28257,2149,134384,84052,5119,8979,281633,133680,10953,23217,7304,26315,8442,18736,4397,2991,181903,10495,61134,117164,461133,19752,14272,6226,11504,54410,13610,2348,5462,96847,6144,238582,129052,7625,15283,279365,36905,57484,2171,300237,1917284,343596,21397,1750986,7206,6621,58409,434795,36906,10257,194603,1291125,11004,15868,4864,3513,100894,97791,154087,26879,33602,7768,67812,12275,91617,78440,1834,18468,25734,2672,24612,9688,3710,8711,15809
SRR24907942,controle,3748,129039,12158,29903,2353,6087,24148,41926,4611,212511,15506,22666,5386,76370,23321,1385,11503,60477,2671,11793,8089,151050,53331,121046,94386,53435,51124,1458,175707,19928,96877,2309,3180,71,71053,11842,876,1016,1162,3844,1657,5664,591,10506,12274,644,326,3766,18688,388,378,707,5785,734,3856,1536,550,34752,13809,968,18619,1789,145,191,110,254,345,6351,325,4652,3346,1518,1986,49061,5246,4537,4194,13588,24988,10280,1351,1392,151854,7674,141029,189526,5490,216184,5244,24739,477,316,7888,36322,17988,44065,1035,1953,12623,2400,2156,2107,14188,42809,7448,39330,46473,4536,3178,177998,68554,15181,30550,10886,21879,17462,33991,1442,11705,47438,2841,19150,49653,50309,1465,3148,2137,2275,10799,46382,3593,17268,552716,4280,92503,43609,1368,3448,87003,9799,21771,1274,1456,220686,966,3498,16369,233,1134,3463,113350,2327,2746,9594,164522,8519,13451,3841,2926,19853,4326,7865,7973,2262,623,4388,1006,4465,31941,18885,13815,125576,12397,88536,13571,4666,9950,4251
SRR8556902,fbm,1442,370,103388,142075,22220,18462,5900,18043,1126,75908,6261,112844,2735,562,152,494,1225,3899,5453,678,3051,41,30121,1140,39660,73899,135329,533,237730,8767,1037066,354,43623,3918,74189,1858,235,465,1100,624,235,18054,676,29105,30024,1977,822,64,17234,1743,4713,1179,6318,5704,4649,466,7120,2133,51288,2486,392568,37359,2620,2820,3760,11272,2648,7963,339,3730,31633,4789,369,16656,3445,3478,1600,8175,15058,610,3619,10607,63120,286,58141,2083,119,3652,1853,1971,2835,1162,252,335,2777,556,722,1023,6026,639,616,3184,5127,21290,846,55990,10806,678,5556,16252,8240,1594,13744,2595,8421,1630,4686,233,249,3148,10001,30457,48685,7997,476,460,555,1059,3152,4093,182,5895,34318,207,71449,41085,2004,186,795,522,9397,3478,497,379361,94,2279,67162,2829,4166,11325,499,1889,2605,5692,239697,9380,15763,2621,1819,886,4765,7232,1516,7207,974,7325,648,2223,175102,436,53389,157546,5303,140,1823,200,1511,6226
SRR8556953,fbm,30,194,30515,42094,7102,5982,4513,2123,1464,347523,9885,102562,34113,25873,7991,801,5166,15805,7783,463,858,159,17446,1689,79046,11419,128446,660,281884,638,774566,1351,121553,11181,35497,1972,394,418,2617,1590,803,6403,1644,21282,48939,3570,2945,190,17320,5034,5469,5556,3016,3168,3142,2558,3663,1785,37381,1796,205996,20556,1223,955,1487,7558,1534,17459,1860,5543,28450,4395,434,19473,731,1299,3163,4674,16861,404,318,4619,29765,49,27092,2275,161,6524,847,10889,130,24,431,140,1830,457,3367,725,1128,305,506,1689,5989,13865,853,10744,8831,570,1046,14522,5647,1709,4817,13511,21520,8447,26991,336,538,903,724,6253,51504,27140,110,328,483,828,4774,2540,397,15811,19279,952,27068,17761,2072,443,1319,498,3836,1043,140,217509,925,2232,326396,7652,14593,31682,469,904,1457,6927,119753,6377,6541,740,535,1061,1154,2572,764,1088,352,884,226,521,34399,21356,5634,27733,2011,303,8218,2069,5198,2335
SRR8556896,fbm,398,138,114603,154773,24803,23674,16,304,19,30853,46,17137,5619,340,62,53,1397,1463,1482,531,1495,480,13931,7950,51492,18178,82994,504,121826,905,270779,451,21157,1767,9666,2306,1352,263,718,217,250,6310,1311,5960,6005,442,215,138,8479,258,1647,528,3678,1548,4456,907,1668,86988,19676,790,82025,8527,334,496,606,2715,913,4551,63,3081,16851,2655,55,1966,231,712,942,1583,2042,2429,2055,1924,14440,1884,26418,77757,7714,26055,421,3707,378,158,265,82792,3047,42771,349,902,979,225,479,231,2422,4422,333,4442,4663,208,959,9006,5022,1577,2677,3875,6705,2694,8403,282,474,795,3080,3543,23872,8732,191,377,259,329,1369,11674,149,2880,26529,311,19919,4128,457,326,14950,2166,1797,339,25,309256,270,1376,39601,1714,5332,5969,28309,1678,1026,3120,179056,6410,9510,1834,856,534,2075,1688,1021,1652,569,743,378,776,4761,1994,3308,2396,1121,216,2237,619,1635,1425
SRR8557018,fbm,17379,5963,29204,59182,8388,9426,2026,6636,411,143631,403,5055,11462,18079,5829,1661,18278,12290,840,1168,14493,1058,18180,13263,59504,35743,108799,2324,252484,1587,667800,823,3060,139,1555,176483,6248,8673,2103,1982,817,8561,1537,4767,76279,9155,3387,572,38074,13281,4073,499,5237,1715,6010,901,1664,7120,63723,1879,72707,9745,490,368,604,1940,733,45493,2005,3767,370,174,83,5246,376,727,1000,2487,7170,841,53430,1767,24409,119,65749,30463,122,9730,1263,15224,28620,13762,179,16413,1490,9398,4350,777,1706,164,512,357,5971,3608,445,39137,23002,570,4689,55875,18767,1567,6295,2884,5840,2112,6187,211,220,1105,4942,19439,24120,31397,5653,578,488,0,1176,8876,310,2059,60332,298,74134,11134,1316,1064,62128,9285,6148,396,176,290604,234754,31482,42221,2496,6520,7380,1516,25025,2124,4818,176725,6603,9314,2199,919,2158,32450,46119,10783,4234,835,16903,1340,10229,3039,1498,2507,3305,925,116,1857,348,1084,2076
SRR8556944,fbm,10961,105,20582,34104,5233,4688,24429,72045,4437,167848,164,10865,54526,679,355,614,3870,6834,1366,465,1734,31,20493,1328,79497,9812,382919,1241,384529,425,930223,1169,5390,1046,2370,1733,1458,3240,2641,3089,1347,10690,1800,6058,42771,4610,3652,478,20272,50962,5824,2837,20325,2678,21601,3743,4354,8137,123941,5369,172341,19417,1015,993,709,4123,2073,64236,4065,8107,405,29,391,30228,664,803,1859,7986,29020,40,26305,3587,16214,134,46770,827,129,2586,1836,7061,17798,8041,94,485,779,264,102999,792,1509,477,450,680,4149,2389,571,31763,1018,48,653,2625,754,2949,4976,20,539,140,100,326,548,743,56279,67120,28818,16889,3731,357,554,87,1366,1449,51,2792,1661,123,1544,6679,2325,657,3243,965,762,1341,503,1426964,124,2799,204053,8491,4687,28262,123307,2868,5313,15096,869528,34505,41264,10770,6528,736,4917,3298,3254,46448,3452,2371,151,3905,11,91,616,5430,1552,400,181,4,213,1858
SRR8557030,fbm,1993,866,8490,18216,2458,5700,59804,176376,9980,58777,4761,7841,22416,776,73,3962,2255,15721,446,255,946,4871,17443,12697,34810,21036,42608,2113,145832,3731,499074,2225,2242,22,22302,198325,7201,9261,1068,326,279,124337,419,13182,11384,644,894,281,11567,1043,2692,2707,572,2098,600,835,2831,3280,38595,1334,130105,12349,385,663,972,3656,1052,7075,323,1687,7244,1454,195,3329,241,1869,779,1337,3729,509,4918,3742,48802,1668,28406,19723,1092,53268,1935,75035,3298,1448,451,678,1582,910,316,558,1302,185,1694,460,2353,12104,15149,12973,6008,137,1434,12506,3960,2758,2120,7597,2991,7230,18379,348,967,1769,2179,4309,15404,388235,765,721,322,517,3259,2689,339,2990,47178,796,50132,3002,1768,619,46490,7643,3937,331,295,62659,152,646,155891,2622,8536,13834,469,2811,583,3021,29217,1754,1626,119,104,777,3707,4818,940,5836,789,6554,795,5748,2770,1139,4253,5713,1833,68,26010,1492,1389,4016
SRR8556891,fbm,343,840,7284,14650,2051,1950,199954,79863,25272,1155190,24015,66128,236407,73807,22935,922,27432,56612,4296,436,814,102,24518,14655,96772,39945,93463,360,320309,1641,1034063,2697,172272,14822,29928,3269,3601,671,3818,1812,646,7977,1755,12880,73031,6516,2317,1367,29153,3113,2855,1866,3965,3544,3174,1584,5827,1738,23104,2026,274025,23886,3447,1235,1837,8096,2070,20020,1660,9232,97614,11907,2550,5978,383,2011,853,2929,5085,26468,515,7055,52675,4154,22829,1872,171,28919,3113,2274,334,87,732,153,2492,205,573,489,738,581,801,376,7691,11789,1469,1722,4435,206,1002,15884,4053,14775,7767,916,5171,599,2688,634,3350,121,1852,2490,12029,9110,174,205,332,1920,7387,117269,467,33294,54139,163,89655,17755,1649,1070,65706,9624,7604,624,233,161785,1228,2455,117867,2280,6906,11241,387,1081,804,3661,111106,3790,5050,803,451,878,1412,1364,636,6732,734,2844,411,1498,55669,44493,46974,30546,74487,533,1220,227,1535,4419
SRR8556980,fbm,4526,12868,84933,129338,20018,16323,11694,2801,3804,5694,171,819,1337,1390,260,82,193,504,578,808,1170,57,23593,39406,67626,80459,136543,706,200363,465,1119350,536,3665,79,55483,4301,1816,26,3058,1376,860,21666,1133,21218,92482,6218,6370,171,29617,7787,21614,11601,2327,6143,4510,5546,10547,2998,102403,4010,305632,34437,1864,2534,2149,10587,3520,24764,786,4766,237,17,1254,4963,508,1507,1252,1958,4721,830,11483,8383,27126,1646,39102,2224,393,27589,858,3314,8186,3773,395,272,2802,439,69219,821,1281,988,464,631,8248,12871,932,40070,17439,798,3746,26083,14027,5709,2758,7974,3505,7436,19925,361,2034,1013,4409,25723,20860,12683,1245,666,523,124,171,14562,1455,21770,91404,963,431,2772,624,1119,1318,827,245,169,502,287361,551,1001,776592,12722,10724,71441,806,879,850,11483,113572,6036,6870,485,862,1298,7211,14917,2385,1535,975,2188,262,1890,28937,21600,8526,19034,3406,434,4068,1663,1220,3690
SRR8557020,fbm,64,1662,19898,28158,4831,5770,8113,23034,1571,453472,4870,33965,97835,27070,8282,2023,30401,214681,2691,390,531,14792,16715,57171,20827,11302,71953,538,172592,1887,529727,580,48989,4314,35738,242534,9254,11215,656,423,402,5147,1047,13343,23373,2479,963,1137,25047,1460,962,7030,911,1470,2927,3277,2298,4433,12411,1273,102701,11019,529,521,616,2763,983,6668,108,3830,23609,3096,126,4485,1024,772,905,2183,4689,606,298,2408,23516,13733,25128,26533,1702,57041,771,63017,278,29,1031,412,1908,1332,19165,567,954,238,584,320,2758,7004,1041,40288,4611,247,886,10923,15817,3614,3418,4133,4871,3266,9851,362,1107,1132,5324,19742,15935,15555,289,314,207,286,1814,8229,462,7620,47675,397,48918,16182,2415,1487,26448,3646,4603,594,195,174607,687,481,473284,7394,5910,42412,565,798,893,7383,64981,3489,4087,279,485,571,39614,29569,813,4553,1043,1579,267,10717,27174,6824,17595,9963,1149,30,61669,704,1544,1657
SRR8556881,fbm,9002,13851,20595,31411,5165,4836,4595,14130,897,276967,4963,10684,10640,28605,8761,1631,27830,20395,677,449,932,1632,28111,22127,33094,144689,74850,2972,242502,18445,629229,1998,1914,187,1328,2676,2043,2250,2219,2546,543,8537,2714,4203,87780,6903,2607,484,76709,5330,10120,401,2452,3922,2454,409,3400,2285,36546,2257,246308,18138,571,787,1276,11147,1927,21332,774,5055,27432,4849,198,6780,1115,1061,1253,2555,6906,3800,6140,4828,48438,104038,35159,13997,313,44670,1328,26445,4805,1922,384,30617,2368,18087,772,1051,1255,705,2651,409,2863,13777,9220,21018,21611,1062,6797,38484,21042,6516,3553,4974,3381,4808,12954,742,1719,1095,2465,8677,28652,37104,1370,486,382,514,6643,17895,902,5230,49778,625,16393,2485,4278,294,15528,2931,1539,243,144,163118,415912,44070,18979,979,2699,3104,951,10700,845,9812,109056,3692,6502,1242,388,6387,10861,10176,1524,3010,1198,1688,291,8805,1277,1616,1273,4681,1947,2458,42114,1053,1432,4193
SRR8556963,fbm,2034,3271,22005,45852,6246,11193,9239,28263,1726,67,284,1289,1113,440,218,210,224,151,357,968,1945,18,23034,1490,93172,16226,234651,1038,388682,757,1659573,1731,5295,345,5854,13265,2774,478,555,8260,972,8747,4313,3134,49072,5775,4159,116,28342,46701,7705,17817,2737,6568,5781,7238,9556,8688,19760,790,340343,40259,2027,1816,2036,9268,3722,119681,5399,4305,38,7,130,10366,1271,1007,1637,4195,10326,3244,6488,9104,17358,263,39135,17403,146,7719,49278,2477,3681,1646,360,4648,2656,2900,37348,1299,1210,203,288,425,3469,6183,472,7786,9175,241,4771,16261,8689,1553,12024,4892,5456,3821,11672,342,280,349,3887,3857,33823,10835,674,885,713,6,3653,8429,464,12434,26715,1018,983,14755,696,150,13228,544,73,92,227,408702,1813,1757,973576,16163,23891,93268,807,4784,1566,20177,194022,8792,10569,1037,825,772,64973,98266,2926,13560,1884,24675,1157,20152,15230,15952,9646,12134,2240,41,2683,763,1273,1718
SRR8557019,fbm,3243,7598,34668,47525,8119,6587,18349,51035,3783,177671,656,9231,7345,2658,180,3748,106514,30017,2037,816,597,11119,25507,158961,21565,29841,29250,3,76478,326,554882,424,1104,0,462,271,516,46,1407,24,27,7415,137,8298,1401,0,83,25,8819,0,78,594,564,4264,77,59,6536,636,3799,446,250543,29641,2030,1637,1400,7130,2573,1167,3,3574,425,147,121,3940,456,517,1204,1466,4854,2234,8569,7471,44742,357,52793,49019,36534,40494,1501,44915,5772,2428,497,410,4771,1850,33830,1283,1152,1121,447,743,2986,29295,4339,19103,4519,183,4146,12812,3487,5391,4504,20039,7504,20542,48257,307,6931,515,1319,3464,33681,16620,1003,324,497,6,482,7698,10737,2643,143459,3779,314,782,607,1241,322,646,204,174,127,631,2,1412,3622,16,3,608,31,1232,425,52,3572,138,113,0,0,299,4713,4297,6578,3281,781,5913,546,3352,5736,617,6630,5264,7513,188,8553,4207,3399,3842
SRR8556913,fbm,559,266,496,10509,337,3580,43395,120736,8021,262382,6757,27031,43693,13616,2978,3073,40607,383301,2854,348,1522,4693,16829,20947,47912,25276,92390,375,246231,352,716815,1354,35903,2996,1216,81742,3299,5090,2884,1780,595,4303,1717,7629,15504,1121,856,4433,33417,2906,2217,1009,3532,3477,2522,593,4884,2510,71902,2736,226722,22800,2242,1186,1709,6229,1417,14125,617,3928,15688,2089,292,15507,1460,878,1459,4955,14575,198,1600,7443,36215,326,24548,30877,544,22369,662,162386,1131,447,1096,677,1586,297,1003,491,907,323,305,659,2725,10143,717,9567,5151,155,1923,10572,4492,1741,1313,8049,6119,6336,18201,462,683,1647,345,4163,14585,34538,209,370,318,382,3119,1233,432,4106,30870,702,49806,19260,1449,411,17955,3170,4753,615,7281,222152,13927,2120,31723,1594,6368,4832,13138,5314,949,2704,151280,4840,7438,1831,541,864,78638,43285,609,2209,1054,2800,920,22913,253,73,4185,6397,2046,268,22718,1485,2452,2742
SRR8557009,fbm,202,49316,3310,10146,1059,5288,4027,13336,824,239612,386,149489,4856,21957,7312,1778,3105,12740,9383,448,484,55,15610,3714,37776,83813,135816,640,306256,567,1101271,916,3274,139,3705,5031,5280,1498,4292,3338,1896,10571,2397,3696,127621,9910,7022,1541,22342,18178,15838,9382,3248,4631,3254,3172,5853,1647,80828,4446,225234,40200,1512,1704,1567,6561,2944,42849,2050,4436,42326,5759,228,2885,1239,865,1262,1734,3016,398,553,5409,23989,138,29988,1191,254,6494,1105,2589,366,109,308,171,1390,932,955,815,1106,1561,754,290,2892,20238,794,19601,14837,738,2933,20869,10890,6881,2972,15380,13631,12487,36767,618,1848,283,3937,11389,13517,6894,253,298,319,499,2505,8594,1093,8574,74581,1462,65858,20560,679,681,29003,4251,5015,878,106,329676,680,2025,549415,8715,4514,52115,50114,1201,988,11645,102078,5092,5344,415,408,652,41888,62719,1491,30988,2619,3543,294,9938,10234,5151,7000,12173,2345,583,7606,2763,3483,2440
SRR8557026,fbm,11708,98,2506,9882,1075,2954,6078,1924,1883,157024,52,46887,40984,504,82,279,3195,6252,3392,306,362,210,5173,1512,42581,7714,70082,20,157110,189,2046794,2168,7204,74,179739,2362,164,181,21191,4650,1633,264934,578,63090,24274,1768,992,474,24397,10257,1991,327,450,4417,199,236,5988,2733,555454,10667,232093,29813,1444,1296,1416,6560,2531,40601,1591,2342,373,19,44,1500,303,131,338,719,1926,15,32741,6362,6860,79,34085,15281,557,3684,328,5694,21510,9807,278,233,476,307,15951,330,246,411,83,68,2024,3160,870,2983,2084,59,790,3136,1902,1493,884,3492,6159,2414,6976,66,62,1031,4523,4933,10519,16588,3583,152,107,15,720,1151,183,2513,3499,357,185839,2921,1320,9291,170181,26197,13338,836,205,453,851,724,2602,203,10993,128,642,13499,102,364,7795,408,167,0,1,632,27983,30827,1328,24264,1904,8889,650,8653,2901,1026,2247,1711,694,874,2093,426,1592,856
SRR8556952,fbm,2558,812,36,2014,78,292,48079,134625,7674,547523,1299,460045,31432,13212,3220,2083,17532,136388,36053,363,175,932,9870,4929,29930,53283,38295,102,177814,330,402982,359,23198,1879,740,1331,2103,516,21562,887,488,14077,1131,2419,18133,2208,967,118,17394,1745,2328,412,1837,1850,1529,199,2884,25441,13550,707,137898,9525,657,772,475,3025,935,8062,383,3237,23647,2954,795,3685,208,2031,470,2966,2526,179,6325,2251,23261,93533,17432,5109,356,7564,883,5243,4631,2226,891,8727,719,5146,312,172,295,155,314,570,3093,11012,808,1186,1982,162,407,4383,1317,4311,3435,5841,1848,6066,15296,224,1622,202,173,389,6110,5109,834,81,100,247,1741,778,797,2288,23235,638,75663,37397,576,381,10524,1675,6483,750,205,81101,121,457,20020,681,2130,2490,620,724,483,1806,51514,2000,2892,466,386,255,554,494,978,949,162,1533,137,628,5,123,798,1319,2262,33,13638,1408,568,2958
SRR8556955,fbm,7803,17971,6837,23291,2646,18120,130,405,132,312232,7797,11485,5005,42748,15825,2302,37519,27384,2569,1161,3609,7978,45418,61913,67876,187931,190325,4170,315509,40457,448885,2639,56071,3402,19572,1843,1184,246,2485,1934,1796,6546,892,6974,45579,3261,1734,925,15754,3156,3760,2584,9688,1660,10322,1648,2124,98046,81720,2928,85386,11305,672,509,654,2910,909,10956,444,6556,69046,8632,326,16507,766,3111,2066,5337,15182,703,4980,2534,74501,4671,71403,83090,1503,31170,2679,33173,3048,1194,910,21312,5011,13080,2838,2596,2028,1025,957,1710,9019,14690,2295,100287,58793,4028,5966,98411,44124,7076,4109,6645,10541,4763,14308,689,3047,1785,10721,41158,139100,115026,948,626,565,597,4262,47160,1030,6768,190056,984,67772,27090,1139,1312,42918,6325,8042,3058,95608,879540,1310,2432,81745,3667,207,13675,164368,3600,2826,10926,398435,14658,25390,3805,1962,23381,108279,178005,6397,6832,1831,12169,1044,36235,7397,2071,7382,13254,3181,217513,3510,1098,2642,3244
SRR8556989,fbm,9335,692,4704,10098,1354,1268,24,1385,197,271701,206,18908,3451,30632,8552,3569,39726,23719,1882,736,355,236,21126,28414,58080,72575,138208,421,302278,868,850091,7799,3757,31,17214,2891,3025,539,3048,2056,95,8253,2552,7261,24613,127,258,664,19986,1007,1102,10398,2104,5245,1613,4775,6889,4031,185042,3639,308410,32316,1644,1754,1961,7384,3552,7847,365,7136,44274,5699,317,990,1292,612,1357,1094,1188,896,25233,7033,41961,186,54264,45036,4009,34531,11691,29895,18536,7268,179,900,997,666,1078,841,784,1547,678,311,10950,8883,7895,3779,9728,832,2202,14133,8037,7064,2222,3725,14088,534,4498,774,1562,2008,974,753,78291,61330,3673,196,473,0,3526,5289,617,11217,39345,113,69213,13952,794,2330,56761,8574,5027,982,698,232012,728,1096,571073,12424,10116,53528,281,5551,1180,11772,95415,5477,6154,754,412,616,6412,1520,1395,1558,531,1690,261,4643,12460,4306,14679,4973,7625,72,2410,78,3865,4200
SRR8556898,fbm,660,799,5887,11127,1771,1189,23883,6980,7741,497175,4401,66778,33363,45465,17932,3385,63551,41770,5301,335,825,19996,33162,108779,43229,60211,43185,215,184915,1621,268863,363,40861,3173,53947,1226,1481,1117,17896,744,514,18083,1148,19625,19708,1534,813,257,7689,1690,1840,339,1920,444,2141,277,558,1166,19383,1312,27239,3149,199,117,117,682,285,7194,341,3558,82451,12428,1161,2177,723,623,1648,2085,3382,5860,1277,760,67024,60575,36588,102872,18368,512187,2067,301142,884,240,708,407,3861,1447,678,1734,1591,760,1818,614,6939,29123,97149,11248,12492,828,1677,34171,64492,10236,3951,18507,13376,18109,47116,1003,5562,1461,1273,6057,11199,10396,421,290,310,1441,6796,31067,3641,8377,397702,6560,60909,21608,1067,363,24643,4028,5087,478,1142,133531,246,938,20522,617,1373,2864,460,1838,477,1918,85582,3258,5895,1160,445,1076,2843,1615,944,1240,354,2933,302,1669,9324,2209,17956,5539,21609,776,43671,3977,14385,5796
SRR8557016,fbm,12954,1073,38924,55214,9727,8576,1886,843,572,127682,4553,75186,12359,1990,304,1760,25459,15392,4805,506,622,71,19107,12058,30950,85104,120205,373,266152,662,814426,1683,76738,6531,4439,2304,662,2622,1209,1603,575,11025,2315,127642,24500,1857,1733,3027,18646,8803,5702,876,5650,2522,5456,726,3366,548072,12062,2724,126906,19701,808,844,826,3657,1589,25681,1154,1715,414,45,169,8658,384,614,874,2782,9064,2863,8640,2992,49671,114,40835,6099,394,10194,1083,5082,6219,2433,273,405,1376,1550,485,623,1052,708,1648,221,4403,10250,736,10436,5954,298,1738,15526,4877,4750,6093,5658,4451,4970,13838,589,2568,1678,1623,4416,27963,19874,1788,384,398,245,3938,22325,688,3258,46655,760,149653,37796,2810,634,62906,10542,11545,1160,37078,300485,610,2880,44345,2376,4881,9055,743,8346,2746,5258,207477,7834,12182,2812,999,4567,13572,18908,1487,29042,2690,14176,886,6606,3290,77,1662,6674,1559,981,2874,1118,946,2538
SRR8556945,fbm,5903,348,17963,36789,4693,24188,11594,6041,1678,217467,1473,22817,10609,29663,8294,982,25796,18395,2555,535,1805,113,26137,14241,73648,114894,118769,549,274267,8192,835573,930,3982,234,71953,2605,764,493,2302,927,751,11257,659,25406,82493,7147,3046,561,22193,6289,7125,3228,4920,2646,6977,1222,4188,323934,67539,3526,155302,15982,1200,808,913,5342,2417,20370,1061,3748,356,46,268,8652,1702,893,1990,2518,8309,2589,16296,3833,25050,543,65746,7196,312,18858,1026,15012,9290,4399,4478,4694,2390,2790,33701,724,1459,354,1108,379,5389,16918,4003,20521,27682,1448,6419,41980,28380,2815,3569,11323,4074,10562,27530,747,2330,1046,7619,14761,34653,21391,1636,525,870,776,3637,12311,452,18921,43673,1276,72048,20914,1601,1209,35220,5703,6610,1311,1002,479651,809,2545,182346,5285,9601,19655,118550,2010,1341,5568,188449,6479,9107,2070,465,1249,138663,249765,3827,14858,1429,6927,1383,24694,30909,21595,12407,21084,2212,681,5272,2353,1141,2969
SRR8557006,fbm,375,320,16762,25044,4270,2989,7234,22033,1340,272178,4980,59839,7305,42204,9794,1465,33561,22068,4107,779,2228,24,20467,25567,40316,15017,95550,357,131187,473,360625,848,10040,378,2094,2054,661,683,8657,784,450,6180,1126,39557,9975,812,455,441,8807,468,1437,3996,1586,2111,4139,1655,2853,123464,14030,1186,118059,14661,706,784,595,3129,1672,4056,202,5420,16254,2602,255,1744,498,869,1314,1783,2625,4245,905,3188,14866,11644,29110,7887,348,52532,6922,5609,477,259,358,69877,2310,36012,655,865,1183,695,246,294,2594,9664,686,4237,10974,596,2334,16619,20547,5341,3392,3352,3519,3142,8910,426,1441,1131,2422,3462,11802,11901,197,387,542,271,1207,14860,1227,4025,58397,399,22798,8693,1691,280,10886,1919,2303,636,25644,221999,352,1004,242864,4818,3583,24023,33448,997,761,5419,82214,4422,5078,845,332,759,1845,3633,536,2805,636,1990,1105,660,5639,1039,3272,3635,3258,253,2009,802,1755,3458
SRR8556982,fbm,1833,650,176522,236908,37580,32177,3718,13017,646,81396,2207,9747,10033,6738,1766,657,12790,7721,798,556,1046,1386,23965,9559,59035,13353,230144,563,317231,679,573865,513,33928,2339,25608,3754,729,463,4131,8514,3675,9892,1258,244993,23486,1411,547,1258,19031,2018,2108,4378,10832,2112,8535,2586,2563,245170,66371,3988,135150,14109,482,784,1089,3311,1541,14723,379,1944,16701,2620,107,2971,2031,390,1227,1261,3700,1007,4695,3044,28483,12853,40092,9906,278,32532,890,14175,3163,1424,323,658,1889,463,752,2047,1412,256,1191,383,6963,20196,2214,85106,24045,989,3645,43453,26097,3524,4680,14114,5860,13050,35496,616,1103,6671,11314,38950,62424,10699,1230,1964,361,408,3607,9190,462,3678,38013,1604,42361,19503,2608,255,16390,3327,3770,723,549,794217,753,3722,194748,5312,14464,23788,82990,1390,2761,11192,432951,20878,27368,5431,1925,589,6602,12997,11894,1922,1133,2671,600,2021,4553,2297,1733,4671,1782,126,8253,3003,1737,2047
SRR8556971,fbm,1066,732,6145,8380,1494,1113,44,632,7,122821,1023,40853,8111,12115,2733,2190,8676,8050,2526,186,241,74,3878,1163,66000,18669,149269,4727,189526,1662,574723,1615,93666,7929,30405,47800,2404,2342,2669,1949,832,17049,1112,24370,38249,3220,1722,7050,45455,5111,6185,742,5523,5083,4171,1065,1771,2704,125541,4037,71686,10044,475,425,462,1641,669,23740,1283,936,21997,3640,82,5432,233,471,412,1549,5332,61,3163,1542,22974,73,9453,321,116,1711,260,1937,2168,1024,58,58,552,218,256,142,276,68,122,116,6987,1649,241,12386,2400,146,657,4056,2114,685,559,992,2262,648,2112,89,119,137,3427,8307,5399,3331,374,93,128,647,2356,2301,107,672,5435,84,97505,40434,1008,576,30067,4762,8601,665,516,318339,13088,3375,47806,2512,12536,6161,1181,1867313,2153,4823,214851,8247,12333,2423,840,1324,1945,1006,254,2784,298,6864,444,1830,22,36,123,1320,295,1012,679,142,336,482
SRR8556938,fbm,4654,250,8502,22028,2322,6843,6003,19339,1114,181716,169,159286,5827,607,73,863,3799,6010,13973,344,613,106,18372,3987,55240,12836,101253,638,183680,1770,380538,400,3488,43,4907,3336,393,1699,2248,2453,367,7119,3068,2219,14025,1273,801,154,17023,7310,2354,10787,1307,1215,2764,4203,1974,3072,106436,2472,66552,5738,264,498,267,1804,469,25766,1288,3517,171,18,104,2899,550,502,783,1011,3335,3168,2268,1300,36475,969,30133,4458,1758,6787,765,4563,988,363,152,39582,1088,20179,51379,438,796,499,436,441,15663,8684,1341,38330,17486,731,3899,26012,14548,2951,3778,5995,7780,4662,13816,214,514,1607,5269,21576,33708,13693,444,315,289,867,3254,13623,1449,3929,17805,591,32256,20530,1043,356,7895,91,3580,711,621,250944,743,556,530261,8672,8330,52886,246,11323,659,9998,110222,5090,6385,731,583,77877,57009,69188,3719,26411,2458,20262,1201,16734,6665,2701,4277,3510,1111,683188,3199,1139,2097,2564
SRR8556920,fbm,7595,5599,5956,20532,1598,9181,1647,1016,600,228326,4031,7836,49541,24146,6291,1447,38121,26315,952,673,800,14035,32315,19929,114768,25373,135255,479,149168,1151,566713,624,1787,1,2601,4734,40,74,738,327,290,20634,324,4806,5312,276,27,375,13414,10,2803,7060,1345,4901,3037,1232,7789,2194,8185,949,277263,27869,1708,1563,1703,8890,3092,3593,119,4639,25821,3986,617,5053,872,938,1833,2357,6213,830,21116,5752,69770,294,71898,14274,949,31082,2013,54928,13697,6509,565,24039,3228,13430,2647,1281,2664,233,1038,691,7217,64684,2895,24879,15051,717,7080,31577,13127,6576,6384,48074,21826,44983,131201,611,2136,1468,4109,13006,36050,32552,2520,404,464,90,2324,8554,1841,44643,97180,5622,639,2728,1144,2250,6372,399,456,372,229,200852,77,799,474913,9676,8870,46497,1331,2942,1573,8066,73387,3846,5556,607,355,1029,87644,97184,5708,14185,1760,4832,370,26112,68651,59490,19418,46394,1986,61,62612,10627,4423,5681
SRR8556917,fbm,603,174,6686,9902,1832,1448,11361,30956,1937,101151,1264,8277,2392,14311,3838,1439,14475,9142,1015,454,587,9,15211,4449,32794,74635,103196,336,137112,10165,535300,366,49280,4213,19148,1952,1029,478,2988,2769,698,18035,476,5275,34969,3148,1204,85,11910,2027,2526,466,3115,912,2830,735,1828,523468,15353,1734,67631,5969,488,364,358,1854,644,10819,358,4995,24987,3514,321,10731,310,429,773,3043,9756,1633,1470,1243,21580,101,18262,6735,2431,5326,1118,22111,1058,398,470,152,1062,703,661,728,2316,719,792,234,3577,10879,473,8888,4066,318,647,7337,3160,5314,4254,2978,1137,3029,8385,901,1493,73,1801,5182,12441,3251,265,262,445,308,2341,13087,293,5042,11864,389,25994,8323,754,700,17960,2965,2277,640,201,401153,2348,439,37650,1304,4645,6515,91014,671,1024,3116,153523,4818,7955,1662,1773,255,648,1316,717,1389,188,398,196,396,641,161,1070,1935,10645,58,1547,646,533,2020
SRR8557022,fbm,925,8269,14375,22206,3830,5077,6324,20749,1004,187614,9609,11836,7676,31191,6761,5763,21662,20820,797,567,414,36,10303,2576,87718,27566,250581,907,529081,1667,908748,6423,9447,87,5919,889405,37842,36550,75505,1652,672,30355,3908,14173,47749,3464,2010,2194,91716,5882,3438,1425,14914,20,11468,2430,277,216043,61525,2096,15705,1567,11,0,0,0,310,34731,1169,3030,854,38,100,2913,202,606,476,1009,3600,83,2662,5,37431,74,14741,912,120,2828,631,4791,1550,656,149,156,1142,126,60845,281,380,416,403,74,67100,2523,185,25924,1517,92,928,3791,1243,2062,1117,215,422,384,576,337,329,194,6487,16105,20155,14255,435,185,212,406,5356,1931,206,4427,15854,91,148366,97296,2564,666,5025,2348,12710,3128,1093,850137,1411,4581,112200,5377,13968,21967,2074,499,3317,16953,548635,24416,33575,7822,2416,850,25242,36638,484,13700,1125,5526,520,6026,15997,12289,11879,6693,1432,152,176,47,212,1024
SRR8557025,fbm,19990,6676,1969,14462,1173,2329,69,770,8,276384,1074,8565,6357,28671,8547,2058,58217,27021,379,671,4279,658,24023,6669,65171,13723,114339,179,218396,330,573272,342,1466,2,1675,2767,1140,253,629,306,668,7112,996,10922,5364,0,0,64,8539,240,831,689,4684,4374,8742,759,6073,2061,6944,1699,283439,27953,2096,1295,1336,9240,2373,8856,49,2055,403,274,123,8086,1294,793,1508,3674,8628,5272,36221,6120,16752,230,78262,2919,401,10325,957,10146,22285,9365,230,921,3574,5184,1857,1081,1318,577,590,1033,2793,6881,585,8106,15459,445,3109,33462,7875,5276,4446,1845,3364,1703,4607,355,830,1448,1658,4765,30131,59108,4147,534,647,2,2030,17755,854,14738,19179,412,6375,2867,37950,565,739,32,2593,46,260,261912,384,1296,44428,1131,3522,6591,1300,1092,1448,3442,172975,7231,10102,1549,1152,529,18029,21167,4379,23053,3065,11452,1473,9285,21670,15921,8233,12369,1260,41,1158,418,783,2684
SRR8557012,fbm,1295,350,170983,271072,41624,35705,7,324,8,237150,166,28290,69674,4199,114,298,2605,9901,1492,614,999,68,29085,943,93265,438573,79486,3313,315067,43576,747792,1026,1976,162,32200,3984,1600,429,3985,4981,1474,14832,1946,12325,115190,8096,3816,239,98135,7364,10282,2165,2351,4660,1428,467,4255,8995,17849,2668,178329,24167,1557,1266,1052,5936,1924,27200,606,6898,10635,1531,873,10725,2278,1601,2544,6111,9707,400,3892,4620,12808,246,50867,1188,94,4589,1596,3543,2057,892,2488,424,2478,413,709,1080,3893,624,413,509,6209,13908,582,5818,7913,699,842,10616,6335,2655,3153,14755,25767,9450,28617,205,327,343,618,159,44238,13601,594,324,2305,431,1770,1396,87,3720,10079,942,85890,32614,1950,1587,63278,7725,9128,1161,567,134577,570159,71938,10688,1260,162,1219,35779,39258,705,12999,49426,2232,2356,697,186,786,2065,5993,1564,6470,1405,5657,434,2233,619,96,903,2637,8981,91,7640,1992,6421,2948
SRR8556985,fbm,4415,612,11680,26669,3198,19634,27,230,76,94083,1185,15883,4336,12854,3302,1457,14073,10691,1328,555,1486,802,31181,8840,34974,102376,132757,822,221036,2023,452030,881,13676,1018,50218,2402,417,1469,46952,1694,1001,16423,1567,16306,26267,3083,1106,249,14050,1823,1489,5230,4512,2028,3540,1574,2301,9992,32403,1172,100062,11615,759,647,818,2989,991,11486,263,3374,16684,2514,280,3656,654,1154,4499,2115,4704,522,10398,2511,44713,11877,61374,11424,724,35506,1138,21666,7219,3325,294,2599,2499,1639,55392,1134,2545,709,1024,360,3638,11398,850,46282,9880,371,2038,19255,17725,4131,6093,7301,7974,5943,15742,567,1875,1463,18427,20052,64405,57422,1980,645,484,385,2238,8054,725,5428,64093,961,43518,19009,1784,631,18672,3337,4298,863,911,352305,1291,2326,301560,6003,4207,31056,1030,3405,1207,8374,199921,9407,13404,2161,864,35180,114610,177439,10593,6733,1467,6215,604,23649,6268,2740,4375,4729,1159,598,3566,1267,2272,2123
SRR8556894,fbm,1140,17163,103314,141344,21739,22874,8817,3531,32434,151601,7812,150644,2951,8349,2916,1494,1565,296371,6741,781,1626,11307,45567,15992,21963,15561,10846,117,92242,879,192975,377,7997,26,1531,798,443,5,714,498,255,51779,203,1501,17167,1335,1096,208,27193,934,1685,8,467,999,1020,55,1154,1032,34710,852,41885,5097,303,314,326,1542,296,4335,384,2447,427,51,470,32908,967,1345,2678,9247,31420,311,2137,1334,27941,1285,63675,91617,1336,20504,3519,16520,1568,775,957,967,3660,4410,823,1144,1989,790,3423,447,3629,31365,5880,81924,10551,513,4319,17811,7726,6830,29103,29185,50029,20534,63283,1276,2066,2174,8259,28520,60152,50266,763,1821,609,572,2368,3780,775,28438,143809,2487,40314,23502,471,107,730,239,3791,424,155,2233,110,422,2449,284,1455,137,2954,543,160,189,3793,129,13,1,2,370,67858,2979,4605,2986,690,2814,561,25762,41239,35210,8199,38264,3486,29,15773,4790,11622,4271
SRR8557002,fbm,32877,167,10952,21070,2993,4929,6377,20006,1145,284457,5022,84459,6194,32684,8164,1601,29176,21046,7226,263,603,5342,14095,20504,33644,84001,67301,1608,179834,375,621443,411,11329,694,2624,11884,728,847,28050,3045,679,5826,891,22210,7872,478,460,380,11253,3322,2306,638,2318,6808,1494,482,5114,11541,17502,1501,236700,30952,1321,1716,1713,6907,2360,10571,661,1414,3608,621,105,1799,291,1119,1505,1721,1482,994,8599,6580,78749,518,30742,15175,17994,19086,619,29144,6190,2302,172,356,1298,489,43505,505,973,431,407,429,5204,8041,4031,16556,7092,386,1613,14486,5554,4900,2492,4329,4345,3561,10728,657,1196,605,1784,7417,44815,46458,2151,140,111,536,4351,5535,1337,4870,27131,471,100398,37764,743,308,17960,2958,7863,752,18704,257822,1022,1249,45351,1401,6242,5084,70996,3148,578,2849,90227,3593,4843,781,450,57282,23396,37487,1562,1688,995,4146,588,4345,2635,3078,552,3151,1141,682128,2670,836,954,1149
SRR8557023,fbm,598,762,27402,39832,6432,5708,85954,47378,14208,973312,4778,136883,365895,3277,106,2282,9450,36857,7318,940,1107,35,21689,10892,52877,183914,37492,178,119458,19209,415449,20555,5692,152,15010,1937,116,493,10478,2279,1015,93829,576,6068,29698,2149,839,195,8782,3117,5570,1760,672,1594,550,373,2125,119102,32330,2131,96891,7973,489,440,586,3194,693,15500,429,7878,358,30,255,17106,639,1837,1446,5685,15720,879,2566,1950,29150,93,28310,21335,8819,15957,1384,62051,1071,406,518,467,2305,779,14078,704,904,303,538,290,3857,9095,486,3060,7264,338,1737,15165,5378,4180,6863,4285,1882,4505,11711,520,720,374,305,561,25625,6136,317,480,517,500,2122,4863,246,9694,29736,584,38690,3317,658,989,34846,6098,3300,621,401,47105,148,310,105615,2061,600,10264,598,1725,3085,2296,26661,930,1479,155,126,833,13167,12691,1261,15174,1630,14443,893,6477,41910,2792,51115,10864,5036,206,2428,1046,335,3854
SRR8556892,fbm,5758,1539,77,6457,253,473,14504,7621,1915,184316,641,38996,87698,1263,167,2714,38322,27723,1893,947,1136,24,20093,10625,52303,69589,77132,321,203356,484,980257,1789,2147,57,10398,1526,111,264,127506,1556,504,24709,290,633244,16421,634,257,148,11403,2841,9390,423,2913,8600,2660,423,5729,2584,55379,2163,249403,36763,1552,1817,1591,7911,2788,14825,715,1299,242,35,946,84636,9004,15237,7189,27739,57695,762,11047,7158,18496,267,64986,2391,288,10402,2516,3111,7818,3329,225,140,4855,257,10432,706,1275,294,803,1023,2909,3952,891,3493,4621,411,665,7072,3419,2552,4588,11,350,210,226,541,1180,748,4837,5890,31714,11694,1273,900,1936,340,2071,5294,367,3105,16203,130,26586,18171,2738,367,738,22,3702,925,364,129252,243,1807,20771,1343,5863,4919,341,783,696,1657,83958,3196,5022,788,550,996,2015,1577,3749,10326,1175,2634,363,1747,102342,81,111289,33626,3891,261,143,66,3277,2843
SRR8556968,fbm,41,10700,10927,18953,3108,2898,437,1660,97,270451,16724,11838,39335,25874,6037,1839,9728,15888,956,390,1127,1843,17158,14623,44834,160921,211024,850,257333,477,679625,2985,54705,4820,3497,5268,3839,1770,1412,2289,629,34515,1040,10901,18712,1481,2000,565,14929,2230,2505,1140,8109,3499,8001,1408,7431,83042,36877,1903,212404,27359,1591,1077,1266,5959,2692,11820,530,7160,43538,6357,144,4249,335,597,839,1416,5081,292,612,5865,189240,4420,25657,13782,17147,31431,1061,11238,237,36,866,2140,1332,2188,12105,754,1337,381,443,377,5589,6263,1064,6352,27651,480,7475,54860,23452,6816,3308,5024,12716,2716,10071,478,1111,1323,5310,7826,11158,7078,156,430,169,1126,5815,8975,616,5298,61536,397,12777,10159,571,545,2400,326,1406,630,203,547737,548,516,78877,2723,8949,13846,4063,2536,2169,6533,402096,14150,22589,4209,997,1793,9187,9987,1129,37964,2579,1292,361,5252,3156,3819,918,5910,1855,424,3975,710,11655,4877
SRR8557004,fbm,5831,8973,228,5968,489,319,10,465,10,1045,33,211,1088,75,106,102,338,283,217,226,468,105,13949,1616,107766,9324,217289,1460,418918,1952,1349900,1218,3471,9,6852,4582,5181,981,3309,7490,740,18830,6013,4093,65492,4516,2200,219,176309,968,1660,16017,3158,7980,2052,9511,9978,11172,27216,366,435001,57289,1904,2595,2514,10680,4049,39604,446,9805,597,21,203,4552,845,1056,687,2309,4534,610,14961,9006,14912,192,32265,41799,290,11907,1047,39997,10074,4888,147,128,1859,824,1459,607,585,1117,756,465,5722,14237,527,11538,7614,532,862,10507,5778,12974,3559,73,680,432,614,524,1006,302,2102,2439,22254,23946,1431,245,184,73,443,4100,215,10076,67369,56,759,29825,1273,69,1737,68,340,761,292,367799,272,3011,876582,15388,16786,84359,996,584,1231,17141,140982,7923,9757,1040,897,1768,29668,1553,3057,12532,1368,4522,456,11609,30159,3921,30268,10092,4375,30,161,57,807,2798
SRR8556939,fbm,85,1321,32,3304,143,180,125255,375467,17077,103502,2241,3932,11104,13397,3469,792,12339,9313,359,93,418,142,16059,16659,39136,38367,96277,149,137732,295,706990,1667,340881,33157,3357,1312,954,137,7051,239,672,57924,515,3177,12595,1097,856,898,10442,1604,1885,764,3304,1282,3413,841,1731,11669,12801,1238,82410,7919,994,469,890,2606,669,7921,1438,1806,9084,1646,742,1260,520,1181,926,932,1123,33565,199,2451,20185,2982,24044,47209,2019,68896,2010,107828,64,194,1436,2843,1876,1592,405,739,548,648,1710,268,4812,5791,41766,1569,936,317,681,7614,4353,8362,2193,787,2161,1203,2617,668,2996,146,109,317,9750,6528,155,178,2606,485,2234,73385,652,5305,67833,186,80993,44275,927,136,4997,728,7157,986,124,242266,434,404,34769,957,797,5853,553,992,1196,3044,152905,6215,9000,1668,1193,1365,259,636,1128,684,140,833,158,522,32925,112,32168,8027,12982,25,5695,274,2819,6999
SRR8556916,fbm,1194,375,33537,48910,8414,10867,27257,74831,4548,288288,4343,11999,21624,45317,12784,1294,18632,21095,962,630,1908,39,21330,8730,67725,11547,226091,621,262799,266,800914,691,28545,2546,1271,12059,1747,1119,1756,961,736,9368,1081,2217,44361,3612,2471,285,15325,3616,7241,1966,10269,2530,11278,1130,3424,625073,49881,3485,159863,15863,912,769,1070,4686,991,15257,909,6054,10142,1558,267,8981,664,1985,1184,3180,8797,1205,4513,4143,18220,346,30206,1186,221,8660,802,2195,2133,952,429,194,2790,621,866,695,995,542,1074,197,4757,9116,881,26537,12929,356,4530,33303,9634,2966,4225,6298,7144,4686,14872,445,1268,950,4382,14138,19936,10101,522,578,327,554,2214,19748,606,5374,39957,597,84949,24653,907,1127,39024,6001,7121,1367,7569,735188,358,1445,98751,3385,9215,16264,1514,2242,3017,10326,494885,19484,32747,5945,2208,1304,49183,67862,2641,2058,1203,53650,2761,18553,2689,3591,410,3904,2039,109,3167,1157,1826,1793
SRR8556947,fbm,47,63,7419,11622,1964,1601,20,113,0,128854,537,37661,2029,14154,4035,240,1956,8035,2787,158,848,9,4828,371,57248,58456,289798,592,426801,6988,1144332,582,3654,286,5962,5986,891,276,4428,4553,1361,13697,1258,9338,39207,4579,3380,301,18263,34241,8452,2537,17704,5687,11613,2348,4421,11189,180729,5072,182141,25599,1105,1126,1110,5262,1631,129749,5070,4018,485,165,83,6741,113,188,406,1586,6731,4,292,3883,14524,78,7596,605,155,920,299,3862,150,37,51,60,212,75,7630,126,537,50,988,67,6203,1145,120,733,38,2,65,597,56,1023,634,235,87,258,708,401,70,83,147,1,6164,6486,53,151,263,2,1184,357,0,618,760,53,73756,13898,2087,915,62707,10288,5613,287,2,839066,2471,4604,120556,5093,4489,21551,3157,373,5767,12091,632502,23827,33720,7063,3166,650,898,961,210,4933,465,622,55,660,259,22,341,1333,327,35,192,56,71,1078
SRR8556984,fbm,27654,358,1965,9602,756,2853,707,3145,148,77343,457,41532,6126,1092,132,1260,14686,228009,4056,481,713,691,19151,2635,64417,135189,157778,1028,256826,1420,780086,15573,3677,277,2074,2666,4736,993,577,2678,916,64239,478,13117,22998,2992,1374,85,25137,12699,4490,913,6473,4477,5997,1599,4650,250752,13492,2240,218152,25590,1478,1498,2097,5937,1567,38950,1717,6203,128,32,254,2799,397,612,695,1389,2981,181,67791,6415,30494,523,100156,19063,185,7570,2175,19533,84053,38495,683,931,1966,227,17000,725,804,242,254,315,3561,3920,6573,55255,6066,606,384,8090,5872,3293,3869,4428,12846,1095,6686,340,471,321,4456,17387,48331,64051,10244,279,380,888,4764,965,165,2855,33283,218,208963,93154,1331,447,1148,344,14812,1007,180,447260,262,1351,66541,3216,21093,10354,1241,2568,2390,6618,312603,11938,16370,3764,1412,1894,9028,13813,1402,4999,1855,9012,678,4330,5333,1772,4138,3201,3876,393,7737,344,2959,3155
SRR8556948,fbm,2952,972,31136,42438,7270,8605,3886,2263,571,323935,1280,5714,5050,32889,10705,2644,42188,24591,694,594,498,57,15115,12532,52233,165224,62357,473,197504,704,436017,463,170295,14823,1270,2384,3910,659,800,951,1380,4615,1365,983,16988,1584,683,151,11933,472,1448,6971,1128,1536,3958,1639,2000,1192,10560,1527,89316,8674,346,502,614,2886,758,8617,790,2989,224,121,458,2193,380,1498,707,2037,1979,512,7448,2331,22289,399,34359,10481,530,131666,4395,30702,4830,2236,317,13914,1596,7310,18010,593,539,741,317,422,5014,8034,15028,4780,6679,357,741,17755,7479,4628,7926,2086,7055,812,5622,360,1337,4054,208,3206,17768,11097,771,672,246,667,2586,12506,1055,4022,56723,98,40530,18861,1815,552,15733,2824,4456,804,108,155777,527,852,369544,6220,8209,35596,413,801,677,6919,66937,3508,3645,240,273,544,15564,24011,560,6806,1140,2992,796,4292,57554,120,18628,45710,5582,38,11587,95,4257,3135
SRR8556919,fbm,5842,249,46923,72217,11973,16204,1475,907,5420,63879,120,79987,5471,361,128,365,2043,3698,5371,388,1543,42,26818,2294,103294,26723,196591,1669,380859,1220,1121954,1187,5693,336,20846,5255,2893,772,2023,10476,965,45141,1759,10719,99309,5891,3187,366,20689,3583,16370,2736,9040,1975,6802,2503,3736,927977,117366,3370,190874,12264,599,775,1094,4543,1116,36540,796,5785,168,24,253,11078,1692,1232,1437,2773,10083,48,16779,2906,19783,120,49419,725,64,3047,40662,3845,10054,4231,192,421,1326,1000,18816,927,1611,347,1182,248,3919,5811,424,24825,11140,294,3258,23938,9805,2231,3407,3471,3252,2701,8003,619,3034,1262,3827,13773,33410,14243,2341,1529,434,872,8448,3461,181,2398,9035,530,74388,10762,803,4779,64105,11953,6262,803,1101,419909,1631,2598,180310,4637,19795,17683,2118,1500,2315,7252,318589,9834,15398,3304,1291,4827,60951,85512,2190,26480,2725,18557,1924,15857,603,854,301,2880,1591,214,1787,581,621,3612
SRR8556885,fbm,379,2812,174,2365,201,82,36974,10653,11060,780492,9307,66200,316174,2702,177,2437,13540,44626,4089,64,258,5030,14441,33683,46478,269454,51943,521,214894,26698,401799,789,130311,11549,1404,2783,895,171,1510,844,1013,35398,786,3031,24545,2384,1077,426,5980,1649,4059,3440,1226,1128,764,2070,1543,53334,38764,1975,57491,6651,442,325,519,1800,448,9956,512,6381,37559,6121,654,308,592,462,480,582,803,3939,165,1579,136242,1723,15515,162602,921,104840,1861,88517,157,93,4489,72,1667,553,1113,488,492,555,752,354,9860,5327,59931,4481,3100,224,1129,9213,6186,5766,1297,1670,1245,1875,4941,442,3062,211,505,2033,2232,8077,522,98,171,790,3651,6408,535,4816,94539,226,49903,9558,11488,1024,31490,5288,5336,663,591,96756,139,914,231212,3665,3732,19729,464,417,396,3439,43247,2313,2446,248,268,897,333,754,334,487,219,1211,134,776,41178,158,39803,8840,8651,142,69541,425,968,5754
SRR8556994,fbm,314,533,3504,7773,1071,951,16194,47041,3387,510698,377,33609,174691,775,46,91,13087,20103,2519,253,636,27,19151,3717,48684,3483,46465,92,139088,47,778550,702,5431,270,994,905,878,2542,2442,1089,504,8618,2121,1123,82969,10541,3127,107,15428,5711,3711,395,1134,3612,1691,237,4471,24634,69380,2465,219533,21943,983,1086,1185,5464,1916,22054,1578,3458,471,25,119,1122,228,316,420,555,1761,421,1250,4252,8875,83,16402,1728,450,5125,2245,3172,745,305,102,169,1010,276,287,631,1035,1035,1279,109,2478,18075,780,1934,689,40,334,3856,1143,7444,2413,12285,3856,11659,30291,384,536,343,2722,3142,8993,6953,318,276,174,1,325,3152,117,7370,16289,1260,11674,3156,421,215,10003,2040,1545,160,202,67270,231,692,12656,323,37,1975,384,800,381,1135,46679,1880,2467,413,301,326,10804,3152,672,3730,562,8611,697,5054,40494,57,33535,9031,15825,807,5549,2528,1314,2109
SRR8557013,fbm,16508,250,8297,17178,2203,2612,3566,11638,652,411019,12287,260057,35003,17255,5637,534,5139,18099,20040,598,501,5634,14324,115271,14425,12030,44967,170,72538,861,276202,1276,2249,74,1272,1970,60,81,637,1221,270,6148,198,1094,22803,2827,1399,173,5718,15166,1565,1766,662,0,836,452,34,182,19391,530,5549,174,0,9,1,43,29,69996,2171,1888,10267,1518,110,4894,325,818,1587,2014,4550,230,49461,14,22864,2628,58542,200706,10599,31074,609,19604,31047,13527,218,196,1255,390,11879,437,999,242,400,278,1782,3344,5080,31181,9304,245,3581,18378,9380,7012,3615,1649,5829,441,1956,229,1142,1488,4261,16436,15627,25963,5565,263,172,3,1072,3104,150,10746,17176,90,126,1595,345,202,598,176,88,139,94,78462,53,90,114212,2236,3180,11027,231,1003,698,2274,36062,1807,2462,429,182,399,3913,6114,2258,3156,634,2478,236,1398,17782,11628,7391,9964,1301,90,18904,101,1464,1414
