sample_id,group,Acutalibacteraceae bacterium,Agathobacter rectalis,Agathobacter rectalis ATCC 33656,Agathobacter sp.,Akkermansia muciniphila,Alistipes,Alistipes finegoldii,Alistipes onderdonkii,Alistipes putredinis,Alistipes shahii,Alistipes sp.,Anaerobutyricum hallii,Anaerostipes hadrus,Bacilli bacterium,Bacillota,Bacillota bacterium,Bacteriophage sp.,Bacteroidaceae,Bacteroidaceae bacterium,Bacteroidales bacterium,Bacteroides,Bacteroides caccae,Bacteroides cellulosilyticus,Bacteroides eggerthii,Bacteroides faecis,Bacteroides finegoldii,Bacteroides fragilis,Bacteroides fragilis str. 3397 T10,Bacteroides intestinalis,Bacteroides ovatus,Bacteroides sp.,Bacteroides thetaiotaomicron,Bacteroides uniformis,Bacteroides xylanisolvens,Barnesiella intestinihominis,Barnesiella sp.,Bifidobacterium longum,Bifidobacterium pseudocatenulatum,Blautia,Blautia massiliensis (ex Durand et al. 2017),Blautia sp.,Blautia sp. OF11-22,Blautia wexlerae,Brotocaccenecus cirricatena,Caudoviricetes sp.,Christensenellaceae bacterium,Christensenellales bacterium,Clostridia bacterium,Clostridiaceae bacterium,Clostridiales bacterium,Clostridium sp.,Clostridium sp. AF34-10BH,Collinsella sp.,Coprococcus eutactus,Dialister sp.,Enterocloster bolteae,Escherichia albertii B156,Eubacteriaceae bacterium Marseille-Q4139,Eubacterium ramulus ATCC 29099,Faecalibacillus sp. H12,Faecalibacterium,Faecalibacterium phage FP_Taranis,Faecalibacterium prausnitzii M21/2,Flavobacterium tibetense,Fusibacter tunisiensis,Gelidibacter sp.,Gemella sanguinis,Gemmiger formicilis,Gemmiger gallinarum,Intestinimonas,Lachnoclostridium sp. YL32,Lachnospira pectinoschiza,Lachnospira sp.,Mediterraneibacter faecis,Oscillibacter hominis,Oscillibacter valericigenes,Oscillibacter valericigenes Sjm18-20,Pantoea sp.,Parabacteroides chinchillae,Parabacteroides leei,Phascolarctobacterium faecium,Phascolarctobacterium succinatutens CAG:287,Phocaeicola,Phocaeicola coprocola CAG:162,Phocaeicola coprophilus CAG:333,Phocaeicola fibrisolvens,Phocaeicola massiliensis B84634 = Timone 84634 = DSM 17679 = JCM 13223,Phocaeicola salanitronis DSM 18170,Phocaeicola sp.,Prevotella pectinovora,Prevotella sp. tf2-5,Romboutsia sp.,Roseburia amylophila,Roseburia difficilis,Ruminococcus bicirculans (ex Wegman et al. 2014),Ruminococcus hominis,Segatella,Slackia exigua,Streptomyces sp. DSM 41524,Subdoligranulum sp. AF14-43,Veillonellaceae bacterium
SRR24907908,controle,3672,113846,7856,43242,4873,186799,5712,24207,50001,12225,49213,4267,14250,692,24461,13633,23290,163056,1360,5281,791870,57313,6268,15265,144826,5339,20017,1941,5010,67325,73907,68354,362166,41224,3543,1344,8082,2204,20610,2540,5034,678,15785,634,94468,1791,6737,9064,1069,34568,17156,1189,2088,1499,3756,1633,24794,1893,21625,55511,10280,121369,102053,2110,12199,3707,8752,6128,10600,831,50397,44609,53892,1818,16791,3658,65788,50545,54079,101579,75,333175,5399,740,277160,3329,492111,29922,324797,7014,374,69864,177969,4392,5877,29986,11717,879,4352,1796,890
ERR911979,controle,1394,5524192,563933,868919,513,267648,141381,137015,6692,4850,29915,154361,63510,412,280194,3827,164447,153439,1994,2858,1130604,8233,2926,4267,7832,3859,147405,1807,2590,37649,104917,154476,645170,18810,23119,11631,158639,7835,521092,65350,147646,7551,389373,2554,420608,198,377,2138,972,12641,7869,578,34705,2755,10029,10885,277342,6169,430872,207296,51586,294257,68922,14932,246101,38764,101382,33778,76389,2472,18329,696176,239877,39663,13025,19912,564060,57956,118429,14676,732,573381,1097,979,31165,3451,5574,35300,624988,24901,31,293050,624513,43912,711273,492286,11233,10061,30577,28174,709
ERR911956,controle,18532,265197,21281,53558,87223,3593540,199723,885828,198999,107909,432397,43812,80471,9241,115976,55407,890854,545462,6230,6117,4066108,208102,1707976,39904,16409,42039,105789,7034,94123,326342,328837,287991,1860254,163626,65568,29855,2750,9517,94556,6380,30525,4612,80053,3962,171546,14464,19973,209959,161232,173957,76014,23099,1102,34460,1409,8335,111507,26847,61604,115403,21336,242399,139846,21463,90960,17382,67942,6811,27806,5828,15237,193868,160816,11798,23363,20377,225212,274854,467320,204600,23539,1510289,4514,3758,1408149,9499,38448,159584,1523254,323208,11373,42358,57565,60842,9395,61306,68444,3822,15196,17696,2344
SRR6784564,controle,2843,129735,13501,28348,209991,2597441,80799,556246,538057,49114,717565,2310,2108,2777,41339,12253,202618,252097,8178,13242,758425,14644,12757,8194,6820,15693,52479,4191,9011,99262,617652,150639,377862,95233,582650,299228,25341,6145,48848,1199,17525,2093,40749,607,218831,3960,7431,20562,2430,35411,20769,4737,2307,1416,1231,4078,69161,5029,60615,118403,25538,191779,141530,12053,66810,10181,17585,26994,34806,1762,2921,92928,46886,5053,8700,10075,70031,701863,487701,299003,7130,709237,170768,9434,128790,9358,28667,72601,764404,77472,38,10463,8013,2781,3463,16603,8475,2648,13823,5058,421
SRR6784403,controle,10865,47362,1688,27316,29609,119732,24744,8873,55707,20545,1189766,3814,15953,9623,71786,146892,32026,109408,6091,1166034,515119,63137,79175,6230,15585,20030,19176,984,14717,34318,57933,29929,296270,15912,129860,70128,5220,3613,25397,2658,10441,1090,26923,19653,81282,147884,339580,334313,19531,700358,94811,543,4972,9391,783,2992,23378,24697,257320,60744,10738,182657,184077,22477,19341,23394,74463,12181,33830,7524,76350,103927,139654,5497,95965,12886,494197,63713,35342,65327,6224,321460,3761,204402,54787,3531,215787,28824,333378,22091,385,71686,130455,20394,32053,49525,4527,2640,17016,13230,1726
SRR8556880,controle,4777,43391,2104,13256,29110,134924,7758,6790,63400,3186,33674,2559,8673,2099,33320,30200,46573,164523,1562,6175,609960,73259,74987,5129,5447,4184,10068,1577,21754,66353,58621,145028,214442,37652,68243,34435,1309,806,14668,1807,8168,834,13327,2276,148912,5402,27258,234607,28269,121291,105843,2998,970,2212,1161,2724,19049,5631,84034,152124,10008,295288,179151,8305,16656,7058,7285,13336,22448,1502,676984,48523,114708,2791,17858,5700,119273,34629,34645,34286,108,456732,2831,99244,44374,2949,9879,28362,416247,72088,11981,29761,46041,59395,5929,154229,67643,1205,7081,3272,1266
SRR24908040,controle,87582,8026,425,1708,10996,41659,4582,1963,11356,3907,10823,4288,1278,540,15000,21911,20454,47156,5779,5156,165889,37916,3365,6051,4036,3615,13309,615,3394,25642,26994,17217,61848,8919,13813,9725,737,1827,3071,673,2011,206,3419,2363,27460,576,2208,9116,1690,30117,10322,2348,1673,794,262,1211,17874,1378,5312,9012,2271,21199,13930,1961,2574,726,2973,1189,2579,2268,7414,11015,19432,1025,16520,1389,124784,58345,30243,52456,3431,181298,1748,350,125494,169162,2049,11690,118421,261235,20526,14946,5026,8698,4177,24944,1263071,1313,907,1186,459
SRR6784574,controle,9604,418509,36380,151857,204568,739197,124503,221652,49351,87346,234144,12662,53500,10373,105799,43015,213005,2204095,16446,42546,7323228,962141,85109,2398182,219132,83354,429587,25448,55380,581800,772065,527444,2553399,918966,50848,12132,142213,32840,169576,12971,69084,2843,143102,3279,231110,10445,11331,27915,6153,83149,63665,18316,6867,3470,3217,4328,313080,7369,138501,140809,28107,384633,211359,28673,85201,24540,93309,14410,37016,3344,159500,190207,172709,15762,21932,25088,349824,702855,977176,265254,14608,6793403,55043,12894,1116342,76065,1941384,581297,7354155,45704,7231,271279,392031,12663,16749,67086,19774,8446,19210,18270,1140
SRR24907956,controle,2086,68152,6116,13693,1627,157246,33254,17298,27614,19261,38943,4214,6479,13171,19505,46161,40243,91949,721,2156,699838,22216,24906,2962,1902,3299,11020,1854,21726,86890,54487,34612,204738,22081,2309,735,1028,1983,13071,979,2613,931,10808,926,36334,1829,4446,4836,2289,35726,7202,354,1119,1684,502,2368,20172,1809,20788,18825,3635,42940,24160,5167,7248,2017,7413,1801,3924,3810,12065,22266,16902,1262,11279,7151,73736,23158,13121,22058,1208,229998,557,171,96737,48941,1871,15373,192375,5325,52,5063,5935,32817,7860,30537,3272,639,2113,1272,858
SRR24907938,controle,2630,44793,3795,10724,18361,18679,864,3007,1948,4021,4068,3619,5086,641,12479,24184,54809,22349,3358,12049,223071,37621,1900,1478,4050,2319,7136,2051,1372,82576,18202,14956,30283,32098,10342,6326,916,445,7318,1614,3064,185,3639,1556,38508,2594,12945,25156,16819,63357,19632,1092,679,3229,1446,996,10285,11131,31997,9798,4093,22647,21164,1482,4875,1826,4673,2461,4816,957,5330,25576,39565,700,4680,2204,73449,33246,19534,25938,1408,36766,14581,120,37193,1512,3109,3082,47739,811184,13650,12199,12340,2500,20867,12117,135248,586,2109,1064,437
SRR6784590,controle,4107,470192,44057,88456,22336,1638737,1334726,55508,657532,35964,526206,25099,28230,4694,116503,45905,1934693,1351881,11365,15721,6311804,1368141,51746,2854428,24356,133462,190368,6998,37768,283593,516444,320436,2678344,182853,17956,6611,11171,27756,46748,8524,23224,1409,44204,19178,1018649,4364,7067,22262,3960,76366,68042,15438,15093,7697,2845,5938,214831,5643,196260,121882,31163,242587,132359,27483,32449,36903,124254,15367,53498,4648,14348,112358,168633,14823,107451,36414,207994,1271051,1000440,797986,22668,3706897,8425,3744,561396,35165,147124,304724,3976974,54567,8058,131777,51690,18339,170965,123666,59545,6413,27639,24401,1675
SRR8556942,controle,473,44067,5183,12684,603,41663,3225,10355,9879,1213,7711,4068,1638,257,5818,1978,40984,33944,8935,4960,85533,82808,4095,879,2718,4879,4362,402,1964,20083,21810,20992,10083,12944,15366,8944,1867,17725,7066,420,2917,131,5552,64,46315,57,415,548,1127,17108,2837,194,1873,353,40308,380,27801,582,6096,19742,3925,38415,13243,674,4194,5924,13190,1648,6580,188,522,9088,5755,378,2485,991,6165,22829,12373,29504,496,146846,13680,600,12225,74184,100289,7909,106982,588663,33999,13850,24762,569,501,6919,3604848,398,2860,3161,38
ERR912047,controle,140625,354685,27479,60803,2224317,517405,81897,101897,24875,172388,40662,32042,105920,167404,110353,242908,42662,114098,1611,4702,894057,91073,3953,3291,3922,4374,29767,1536,2830,73008,74761,56955,547238,30311,10652,4765,15475,5289,15585,2721,7675,578,16932,21145,108141,28851,24111,1157503,111693,656239,119346,1448,23035,6928,1013,3071,1486550,28477,870655,8415,4348,72915,68277,32304,8443,21201,69397,10750,39483,6231,4644,41684,40412,6814,66526,18126,360012,65902,71953,55503,36880,17356,1165,809,32159,2283,1979,6346,73152,5231,6,7260,7428,3375,48415,53382,3771,1936,19277,17770,2499
SRR8556986,controle,24686,10618,635,1857,339025,236160,8336,17687,41587,32405,49302,801,4728,28760,27710,39864,125957,36941,626,29166,235405,59975,12026,1818,1013,1853,5239,386,4541,12293,19044,13009,98004,6041,36695,22442,704,483,12962,1501,6699,626,6996,3799,41553,43374,57789,99319,3042,257574,125058,167,2313,1601,219,1097,10118,37845,35098,22105,3537,65167,80641,7668,13513,1375,5905,2107,4070,2735,23539,33279,21956,2127,27592,7731,266252,32621,36743,17772,217,83355,7169,151,93276,1618,2194,9919,89161,2756,11,1182,2638,1468,6026,18748,535,531,3036,1860,1345
ERR911995,controle,88653,637248,57534,78999,247373,2433725,246707,96593,755674,556484,1372815,17214,18336,4711,136574,274468,145130,478150,19551,1247721,1086408,25089,105281,18103,60267,42582,222508,4567,19015,213045,224032,380740,420486,65987,209201,119221,3093,3589,53945,4745,18565,800,45397,14065,228251,49607,85815,414562,6005,681457,123995,437,5050,4219,2064,6869,114511,52851,172480,167310,102022,285010,336385,40864,16735,14621,35994,32528,57813,19263,1357996,97202,104920,11349,308998,29474,926213,587743,522801,355666,7938,3462617,8612,2465,981634,2193597,13045,192739,2018721,68158,44611,9424,10956,11125,41373,333116,167892,4061,20886,13924,4615
SRR6784554,controle,1105,106440,10456,69902,2124,37713,86885,3899,4690,827,16610,8432,38546,889,34974,13357,35576,178634,2939,4850,600246,82301,23984,1373,2312,8077,19133,3736,10737,198530,67370,89645,166682,45310,2732,1056,8901,2848,15523,3671,9709,647,13610,1220,23894,1067,2598,5998,961,27341,7339,751,2111,1223,9554,1180,90662,1841,36268,136277,19595,329460,222100,5049,11168,3866,8996,9223,14300,1038,7510,45265,37714,4374,24268,4357,96226,24678,36790,9544,83,756016,1482,599,275148,83052,2321,75623,761994,4728,46,166233,248784,3996,30287,25556,1885,5116,6573,2664,294
SRR8556990,controle,5048,3511,161,670,55525,249219,20041,27294,28947,65503,48313,4135,2489,496,10021,3921,55615,56194,521,3419,445926,3012,4955,91249,1485,7963,33039,1718,3534,37372,40822,15770,185285,33554,2998,1462,500017,4167,4107,410,1675,102,3484,445,34812,11836,1412,20333,379,20147,19053,243,10031,152,148,283,12075,15411,7146,689,321,3637,3286,3595,1010,31,893,190,410,579,3249,3112,4529,926,1340,1175,33307,30486,23244,31184,13283,68445,767,233,296789,802,1625,19340,59777,1081,16,1369,529,3983,129553,47476,493,116,220,439,212
SRR24907950,controle,734,3874,95,1409,1014,6889,1366,5097,1678,991,3720,490,894,739,6257,2926,21110,65319,5334,20678,250992,42161,5694,2137,5081,3818,163257,1919,4641,49458,30452,28756,89579,16068,4035,2765,13260,2215,19016,3179,4605,79,5345,599,55192,396,2702,3295,3291,20452,3338,12,3984,142,181641,650,44554,1580,2289,14809,928,22206,18952,2309,1273,58,2667,575,1091,341,273,6247,8365,2296,1428,1921,16569,321988,135509,332622,324,140462,872,161,709987,3412,2591,27043,111108,1335573,175430,1729,5273,1396,533,8757,11545564,97,570,15645,108
SRR6784524,controle,12068,169572,26192,20401,29020,2451911,83507,906292,30782,33406,557816,93768,311528,6123,893759,191629,2673116,206151,5576,15164,1890074,38956,104891,20127,4519,7325,42967,2218,3503526,78167,122399,96157,140873,53529,22028,3902,18853,16258,234466,25586,106885,12207,308490,29906,850388,3963,43551,96616,37182,304811,69553,1884,41225,13151,3804,40820,407512,30465,46053,2419370,337999,8447769,1529970,168119,238680,100310,492505,27620,163273,16294,25635,512544,631323,70811,49095,110607,452961,18075,66505,49404,18981,39828,1664,2244,63630,6255,40824,12653,219267,84638,4160,14333,39686,378433,45466,269674,26449,21365,127979,146815,16862
SRR8556973,controle,15812,554556,68252,120255,489,1831,305,1536,810,208,7715,15271,47741,99,31888,5354,15174,77884,815,1280,534817,5006,1502,2219,1508,1159,717497,6007,2217,33570,25691,8910,57657,7951,821,310,27748,3403,21403,3841,9222,478,11503,627,25988,260,443,38305,382,5921,1731,416,5046,1645,8486,1152,16768,2060,100950,120055,10605,251709,96405,1869,18849,23033,33795,28463,49964,847,4301,59144,36513,41094,1379,2802,95324,30356,20674,31037,111,230715,856,295,44982,1067,2117,15254,236589,1938,8,113565,197039,2476,42809,19345,450,1632,15350,7171,226
SRR24908049,controle,8256,76577,6935,18425,9365,73017,13784,3554,29888,9599,22687,3202,5769,474,16083,9309,162404,21801,2372,88650,318353,8238,3637,220286,2252,2873,13012,636,2380,46378,25375,21738,77781,9438,1738,1267,2287,571,13106,2264,3087,148,8556,1005,23697,3551,6114,59193,950,39578,19202,5462,705,2094,1305,851,6993,987,64170,13194,1196,30472,18221,1493,2954,3016,7380,3895,7703,770,8881,28180,46080,1849,8063,5249,61666,1588,5283,7613,209,37967,394,1052,127807,30474,2451,6930,30983,2842,3,10595,23364,4107,15332,31392,2051,593,3486,2067,563
SRR24907984,controle,119870,116314,8311,32053,164634,595737,51181,86070,137874,21110,136572,64326,52784,25186,101279,514647,425093,76584,12041,16033,516764,25395,93477,4105,150144,24321,15245,2056,16762,49262,63026,41957,157127,28297,23621,17905,3133,2833,45775,8157,45341,3425,37521,22823,369728,98116,250181,346711,46193,1259331,150096,3049,15477,94874,2501,4989,39208,199996,349518,117315,26347,325427,448775,31669,100146,43842,81717,26829,146163,23358,279329,186095,503005,6142,130596,15579,1541765,61521,49697,37566,11030,155410,10602,1326,417225,2897,344413,23333,143453,289586,31335,76174,100042,122967,112862,123658,3182349,5885,23137,36734,11159
SRR6784591,controle,738656,151385,17997,60437,116138,809607,293310,48577,401217,26719,399459,11488,4491,11223,132331,1053106,138668,340998,7367,11614,3691825,91221,55367,918962,11476,29839,142667,2512,256515,140002,334208,131457,2369373,86049,182045,96851,20861,34736,13397,6305,13860,3575,22810,173569,282144,64719,219700,168927,22182,2284090,65143,497,254833,11247,7488,8560,147266,39052,67727,446263,70091,1049270,787941,81149,62569,73797,70498,222422,306015,30568,4536,68664,86263,6086,527388,40639,4362741,560501,313106,526248,498,246375,6452,4289,197306,188948,14148,40548,389586,1050731,4090,86897,138494,12700,97286,505286,67770,6903,106187,32571,5158
SRR24907983,controle,11422,430517,48415,73694,2297,221766,8189,19204,53748,20878,54297,22728,37727,3899,70112,27126,247022,107573,8753,40849,835099,133077,22877,4341,7528,11412,31808,1932,9507,63716,83580,108239,257895,31759,118198,73710,3772,5253,17617,3510,8383,1031,21424,2002,215452,1193,6685,51517,4321,87100,97924,26407,2859,2362,2550,4667,46896,4771,92299,95193,22413,436000,127249,6316,25248,31049,146968,7501,37197,2678,115463,107317,203827,4602,39814,6340,80211,107611,90872,57271,29785,160966,58961,265950,760337,5002,345435,47472,145160,1966998,108682,17390,19265,20945,24400,19000,8975399,3080,22390,29002,1161
SRR24907892,controle,1348,64612,5357,41737,220582,200971,3316,7549,69600,39760,60211,9279,33902,650,23393,9968,33921,113827,7188,5902,161904,43284,40082,2887,2487,8360,16960,600,8286,24061,44157,55223,36044,13028,2006,1031,2689,604,25646,1754,5360,438,15414,521,175933,479,1090,4827,1047,15171,24277,1727,1697,1155,780,1047,26816,3053,63894,45711,6754,100049,67869,2161,7672,8378,13427,13319,25784,838,12285,41228,66552,1848,6021,23972,46618,29944,22651,20217,3587,334745,327308,2005,297234,3304,208326,33155,322894,7062,62,82106,202089,22239,1916,142508,3459,840,10257,3152,508
SRR24908007,controle,801,56525,5388,13106,930,114697,3270,48522,1336,1863,23371,6200,9752,5874,12935,3865,15389,158386,1054,2467,507161,57271,67235,2904,2273,10004,22294,1339,12962,86437,57918,20457,120286,21084,1933,991,5192,1306,24875,554,4207,276,14720,203,20167,452,776,2872,1462,8263,5989,56,501,279,251,2529,30105,956,13370,8766,867,36719,10645,2038,9606,111,1420,431,776,271,45626,27681,14175,1524,1521,5304,5856,70116,51466,53514,2971,522703,1410,830,89601,5208,2627,27875,442667,4666,38,1059,3527,1570,851,21687,2811,495,488,939,111
ERR912079,controle,14538,10589,739,3877,443887,109285,3956,11744,14374,59534,1962283,5377,7097,4214,75419,399530,201447,321342,40045,1673577,476727,176517,29084,5981,2811,8108,24305,5333,5599,174471,124697,51562,54861,41720,4884,2055,13668,4474,19098,3355,11834,890,14673,29206,675153,37883,47070,79959,5636,1683905,1848513,1566,7944,28359,17566,4012,124531,796906,25790,279652,29407,958208,1242727,52027,29305,1873,19640,4515,15515,21144,10830,57084,60436,4976,343059,28071,979696,12826,65137,13207,768,268670,129820,4058,600459,3275,16682,61941,349661,164722,101156,2388,2601,7737,5720,45671,1024942,4432,6505,10113,5580
SRR24907871,controle,106786,609810,73798,126160,250265,695470,129400,59375,14075,172380,145690,6437,8436,1808,79364,379307,105691,202557,2043,9494,1315768,113509,227666,6458,7331,8499,40924,7826,38131,177472,109469,112657,290093,103984,9583,2478,21316,4485,27632,2898,15967,4085,23241,4490,142420,1960,7475,22459,16097,189709,55296,8177,8757,12427,1475,8098,58679,14022,65915,188708,33070,439414,360773,18789,97577,46420,78835,58113,134160,9554,27058,175325,120115,6907,69756,27214,750700,159998,43596,271546,8576,683294,2868,475,50352,3944,6896,28448,594253,7733,23,12694,14278,31871,35266,76652,4116,2321,46940,17699,1937
SRR24907957,controle,3277,22186,1746,7538,1769,115017,32732,12696,33831,4327,29884,14751,9239,924,12869,28937,73650,132609,888,3148,408881,39454,3450,4282,4034,2863,14672,1741,2973,81853,42209,102872,126865,23587,2416,888,1163,1117,10988,1776,4096,290,5502,521,23400,1152,1254,10431,2428,37124,18807,5271,1818,631,572,1334,45078,696,9597,13011,4296,26784,14103,3018,3081,2475,8892,578,3855,1093,56247,15615,37052,1128,8573,3696,38087,201030,133082,60514,1654,369822,1144,375,35488,3333,2002,18545,327904,4139,87,12981,25290,17793,4776,32928,1919,531,1785,1884,616
SRR24907906,controle,23383,59408,5244,14204,89897,343329,30894,139259,39313,6077,69799,2304,11499,582,33287,7928,28274,84489,647,9703,403615,4350,2858,2432,2109,2489,45195,2081,2744,61540,38130,32127,158044,31563,4284,967,2388,1561,82824,2426,15767,1503,48935,1145,28935,602,1980,3302,2908,20927,18959,3739,1153,2112,702,3295,20866,5590,10805,60336,18724,136596,76153,4133,40746,11621,14136,22970,42120,3258,13999,74135,38575,1979,5331,7591,117479,568,6055,6997,2529,230210,1399,130,24879,1158,1646,12758,223690,22299,1957,9784,25435,29283,47578,35761,29827,916,17758,5034,1833
SRR6784406,controle,9009,1009324,83514,316598,18140,772378,148978,119750,632498,24947,353013,51532,200592,47583,161302,75721,360921,1235296,37531,70953,11055224,1475532,1253989,38301,42143,67711,853973,20463,126507,998724,513243,2584461,2355880,244488,22026,5010,27921,26241,40243,15609,28792,1868,47783,46089,355735,8584,8427,367630,31651,694918,530194,30739,16411,7288,2712,4665,185445,17950,392920,151896,30388,433935,210160,33967,29772,30381,53037,75236,106887,11165,179043,229806,922587,22423,120827,29009,262833,685911,269961,1350391,8192,2769516,10547,11793,612526,29467,18999,255853,3019460,69029,3564,1652029,809950,64472,14465,152627,131676,10058,38958,15960,2949
SRR8557024,controle,1094,141390,13760,34985,1344,162258,35483,11062,32049,17630,27385,6697,8868,4176,28252,46488,10576,82192,818,1684,311786,18296,3189,1566,15981,2047,5383,834,4342,31134,40334,18980,79118,21176,2060,949,2107,446,12200,2519,6242,690,10557,2060,30937,4979,27511,17680,6461,108902,22317,342,1112,5297,172,1522,10674,3227,44206,58242,6801,157439,81862,3524,15601,18051,12971,35853,54787,1783,51469,64524,58476,1515,15375,3394,180450,25805,12239,30106,2637,220571,707,317,49362,39212,3498,15594,214971,1914,81,28186,46326,12953,1234,35620,551,1175,16716,2963,625
SRR8557003,controle,43,3768,534,692,1657,10632,687,312,2220,905,1749,503,1139,648,1753,5567,1408,1863,49,115,6778,1164,293,854,92,285,183,10,261,933,722,1114,3482,234,1497,805,24,17,635,75,279,41,624,277,1286,204,857,783,35,6749,863,216,57,64,11,84,428,54,997,3052,409,6223,3107,307,1215,291,713,160,468,98,1072,2479,6388,87,1059,798,7162,1208,1647,710,15,3760,34,51,1899,687,217,328,3687,749,653,109,204,905,1066,1846,1048,69,159,260,63
SRR6784528,controle,1274,22228,638,16318,95313,97191,5879,10747,8320,37890,43245,1728,14374,2025,19028,7009,917274,563505,5465,7515,2079960,15719,21707,16093,4789,31643,85187,12798,13045,1044339,222570,62248,185749,183794,8426,2220,27929,2440,17240,678,5265,321,15877,560,250212,1598,2205,8565,739,22701,3888,584,1141,725,7099,1805,156217,3579,37790,65680,22043,102272,61935,11277,9483,1908,3837,6054,7548,740,259250,24612,18251,5697,3962,1380,18564,263929,333478,55432,366,1981516,7052,3550,213138,1215020,21237,132712,1421861,10695,79,63835,73930,2148,2512,9257,3124,2662,2967,933,125
SRR6784579,controle,86064,246393,24250,84704,54116,981656,63679,100432,537282,99783,419378,17468,139774,3027,87980,94908,350709,545985,25575,17689,1375646,230641,47086,13240,85625,19996,100138,4888,19936,146204,193448,238412,615483,124464,591504,345044,31431,42585,131965,13123,44525,2737,118077,2332,1452182,4918,8989,54737,8275,107646,146795,21239,9214,36810,5462,4038,143829,13096,54726,366021,32226,1295489,373897,14989,67550,19157,75320,20361,38164,3063,82044,171255,378071,7722,17113,24609,290813,324020,221584,321108,696,2021991,6101,3972,424338,97765,24453,177794,1904760,1902161,681485,136578,212150,13636,40700,184320,16402804,6526,18607,19880,697
SRR24907834,controle,26226,819377,108602,199304,55080,466324,8519,18273,229064,46139,134372,5683,22086,3565,113535,287001,258355,225555,6390,209972,1374408,28107,275326,5331,5905,13988,34358,2635,63335,86269,133720,71579,490512,51834,143539,103484,56874,5057,46927,7908,16563,1769,30471,11689,333463,76483,63039,143300,10434,765782,137796,1794,14172,7505,12649,3181,42322,51385,112113,177798,17590,477797,194516,22769,35420,16639,57064,13892,32919,18723,38442,116899,88686,5405,57843,10421,694117,86146,64593,59152,128,577234,1803,1073,56850,250362,3676,27200,507016,247794,2004,18267,26715,8461,187338,144439,38900,3415,17085,11147,4870
SRR6784551,controle,6168,190780,16355,27638,6482,94572,26045,14684,15455,29996,58151,14984,24113,27400,78311,532400,27690,275463,18109,519775,614646,141567,15487,182124,3774,6984,33116,2060,21492,87116,230988,88831,277822,30325,246073,134860,4287,3321,31153,2294,12983,1357,31675,4604,57205,110395,9714,2839956,4572,246853,158924,457,8100,19656,1291,4947,48796,68259,99368,107786,9480,302222,217106,52385,22738,56102,170811,13663,71958,5246,8549,122807,305379,7864,49310,10236,216126,132780,169339,21812,589,1057516,6878,1567,141553,10687,12045,82559,1065020,101498,93,5303,13322,165855,8100,34228,7511,1881,39930,32726,1351
ERR911990,controle,6597,128666,12945,33078,37688,691306,17296,62073,262160,216288,732866,22004,234222,573321,81347,324126,174123,509915,18869,813866,4431894,205100,1628327,22023,20795,18186,112687,9174,124401,465814,295437,443644,1283279,178608,97403,44182,21469,9262,93919,9332,33425,2157,67270,1432,399405,32787,98673,213087,27548,579503,992149,4460,28468,1608,1633,10331,58410,3420,183844,254007,51063,424651,363241,8789,36730,9052,27672,16345,29539,1838,28477,118561,270034,7830,5739,9320,160331,400457,429488,258003,384,1134754,5882,2470,322701,9161,24022,77640,1143208,440106,2316,27198,27986,42422,95156,66296,66396,4103,11931,9066,1044
SRR6784585,controle,7257,77517,5356,31256,5097,756914,23336,42669,442380,103349,310996,16167,38686,7447,82921,148234,222261,585541,5031,19579,3030909,26781,31894,8434,8924,31647,88815,14332,362441,568006,269435,320747,1654103,183881,8562,3291,3966,18287,47173,5404,25198,2454,46489,1356,321010,2682,3515,21775,3701,172597,92922,3394,3561,26431,1814,4351,89557,10187,105695,122498,18146,198222,143088,16231,75497,24256,20837,71829,89450,4834,49121,114112,144869,6017,29407,9016,256039,196050,267818,42421,2193,1200106,12980,3742,208887,8807,7345,109202,1350397,22421,3652,69296,110788,125658,72139,56980,38860,3580,31544,4509,802
ERR912003,controle,64043,62744,3535,58142,6594,45641,122397,13165,9731,1371,25813,29673,7311,7366,65905,15732,110569,648148,4703,3962,3308334,375201,9614,14928,14766,82919,311144,25635,9455,590965,294604,105862,1115703,395373,73569,29776,28649,14553,34175,3425,19498,3695,27925,14596,174134,10137,28720,22542,1267,94244,41198,3788,8549,20837,5505,5095,56999,3918,34584,477330,23131,1005264,359034,16920,71728,84635,204075,46234,125533,4701,70037,169146,134923,5708,44946,27257,175485,925222,61284,924027,783,4630542,1919,10879,125978,13600,111471,146282,2860635,14637,36,339190,864630,58847,13871,201546,5883,2732,57777,35040,1538
ERR912200,controle,2873,433444,33915,130525,107191,112092,32167,21159,62790,8912,15325,8472,156625,192933,220951,666421,304866,173938,9354,5937,1135463,140239,125772,7879,11084,22394,22469,4664,96265,156301,94306,177267,191215,118611,1481,815,66740,5612,407624,59615,173156,8368,270584,3394,390486,52883,141939,96533,645397,920514,39307,34281,38470,2694,2959,14412,55173,21469,84549,146570,19492,634665,376242,41662,265827,94849,86758,299455,392695,22821,200759,640382,667019,25594,79302,48659,512903,151366,60073,229899,1676,279099,5416,2087,318225,86514,16207,38931,328192,1601717,7973,243558,624810,264713,112408,636788,164568,7123,151858,18346,12765
ERR912133,controle,124347,164456,15637,86159,46725,656094,8407,10255,480309,17927,55835,8441,3516,222,46463,86289,1036554,173438,9935,3138,551020,95260,18188,32309,63887,16916,18736,3133,105302,114528,104673,41081,135729,63547,144144,42757,4917,8985,22344,3817,12343,960,17092,4744,297987,1686,3261,24586,944,43692,12299,17835,5510,19154,119391,2496,26593,4764,46036,91995,11529,204441,62833,9309,19213,6169,20953,7028,14769,3448,70012,92829,241784,6057,50907,11399,238476,207798,161751,139270,48819,592370,23957,4903,60790,185889,2354443,42983,523552,377419,402958,368645,518766,34863,8110,50104,15400494,5879,6486,5673,1001
SRR8556900,controle,1296,24009,1898,14247,9191,148509,14496,4017,64703,5428,31081,1759,11333,4778,11958,20347,36979,60262,11219,5184,168131,33008,5103,4027,2296,6195,4280,440,5882,32752,46685,37955,51097,10275,10251,5892,1058,5229,5433,1362,2951,376,5433,596,134059,359,1338,2707,2678,29719,8469,3320,1198,3026,206,846,49410,1045,21351,56751,10083,99164,70410,2517,6940,10126,19781,4606,14768,651,5538,30072,38637,779,9449,1891,51478,23682,16999,25180,3114,205992,3047,319,23542,96787,4524,12094,183334,628269,66483,48321,58983,2676,2575,14175,3817485,1389,5111,4191,229
SRR8556918,controle,674,4717,152,3663,2441,165498,9135,53784,4352,3000,17235,1176,530,311,8680,10714,78453,276141,641,33639,1527750,5644,139746,1209,5392,6207,53556,2170,27244,345934,100628,37841,654511,52456,1501,247,2076,1865,21826,1046,4260,92,14838,225,16279,145,401,765,169,3174,3266,1979,198,416,222,1564,32853,270,1696,549,528,4496,1725,7447,1425,45,998,281,408,927,7558,19562,29121,1637,3536,4506,2359,152842,106730,104319,229,742593,1086,376,70454,3946,3461,43640,733078,4901,20,12473,15720,9445,618,2425,2103,607,596,311,80
SRR6784540,controle,3615,426990,45875,77587,398276,68743,50538,14774,28201,22513,35869,61650,102250,9979,404004,84576,2716192,320754,2611,281909,1799543,107942,12451,8870,165785,25754,36874,21341,27291,741752,150301,167311,329452,320929,8416,1926,75212,5218,110408,13040,77099,7203,110306,3837,720179,9656,8730,48854,32375,123553,292918,26774,14945,8780,4194,28326,104989,14541,288760,782941,141676,2186576,591023,80455,186078,113553,399923,15316,142266,12183,14365,421715,383976,162814,31105,50809,175936,255901,153306,249374,34536,796291,4461,3601,137553,10372,14970,77511,922777,25823,1459,27231,33836,36866,23548,73415,21307,17785,76950,101140,841
SRR6784567,controle,8113,83396,4873,31189,2165,79167,5287,19396,14814,22772,152093,33128,42578,17190,67511,99782,90479,115899,35410,249767,387043,33516,18440,16776,12708,18994,29604,2371,7573,123893,61446,42415,203150,45951,31750,19321,2398,2546,35306,4610,46478,758,33134,2621,501804,7118,4214,76273,5137,154627,192101,10606,8053,5573,2504,3706,131241,8684,432687,67681,10538,234822,89220,22334,16532,2569,11592,4592,9180,3011,313433,292975,351040,12140,34847,5645,218944,217122,157325,153495,1049,278960,4362,1858,87638,19072,41872,32759,311216,3068170,800738,69882,104656,55542,6924,47213,9296734,4573,3047,4589,1266
SRR8556969,controle,20694,77569,9374,18384,682,4485,2123,1127,1708,2043,151103,2397,4687,10857,11574,35410,50710,8459,17143,268928,38982,5402,5929,13689,1375,1883,5263,742,2501,13347,10945,14687,17002,11146,1029,288,308,120,5959,510,2027,205,6084,2464,130246,4703,684,31541,28059,37764,27530,221,1329,5562,3739,766,30201,4133,24647,47978,4820,84300,65456,2869,3832,10476,26309,2914,13987,2302,1223,12670,33460,726,14410,1909,114238,31921,37164,12838,889,10603,957,191,46538,444,5796,3660,23124,775039,16160,2226,5697,4705,6399,8962,1094775,719,5896,5788,693
ERR911991,controle,6875,89312,4961,29033,783,374684,13232,12552,272202,7146,791614,14758,90001,2303,63182,68746,171597,529339,44443,2674143,2200178,80499,45405,4059221,34672,47160,61389,5404,1762463,295797,346219,103042,408637,123822,117322,39986,13275,7203,46608,3068,17186,1217,36590,2007,165462,1552,5385,37051,2477,49785,54602,10474,3968,11083,881,3823,49950,2149,134384,84052,8979,281633,133680,10953,23217,7304,26315,8442,18736,2991,181903,117164,461133,6226,13610,5462,96847,238582,129052,279365,2008,1917284,343596,8845,1750986,434795,36906,194603,1291125,100894,2229,97791,154087,26879,18468,25734,24612,3947,9688,8711,766
SRR24907942,controle,129039,29903,2353,6087,41926,212511,22666,5386,76370,11503,60477,11793,8089,151050,53331,121046,53435,51124,1458,19928,96877,3180,71053,11842,1162,3844,5664,302,10506,12274,18688,13809,18619,6351,3346,1518,1986,430,49061,4537,13588,842,24988,10280,151854,6452,7674,189526,5490,216184,24739,477,7888,44065,683,2156,14188,7448,39330,46473,3178,177998,68554,15181,30550,10886,21879,17462,33991,11705,47438,49653,50309,2137,46382,17268,552716,92503,43609,87003,2280,220686,966,195,16369,113350,2327,9594,164522,19853,1447,4326,7865,7973,13815,125576,88536,782,13571,9950,3517
ERR912192,enx,46,28,1,0,1,3,58,44,0,0,0,50,14,4,0,10,0,16,31,10,73,0,162,0,0,0,201,0,0,4,5,253,2,3,21,0,3,18,20,0,9,3,2,0,319,0,2,19,6,21,14,0,3,1,2,0,75,15,2,0,0,6,8,1,38,0,0,0,125,81,0,37,6,0,3,0,8,2,59,3,0,4,0,0,0,30,0,0,0,27,0,0,1,0,0,1,0,0,6,0,5
ERR912130,enx,22,45,0,21,2,6,50,0,2,4,1,65,12,1,0,39,48,20,227,5,160,0,11,4,70,0,98,20,6,114,23,47,54,3,152,11,6,6,104,1,30,7,11,1,164,0,7,51,16,41,10,28,1,1,21,0,59,5,5,0,0,57,14,3,4,0,21,15,193,54,7,46,24,4,28,0,157,2,109,0,8,0,0,4,0,49,0,0,45,17,0,1,22,2,0,31,9,0,1,0,17
ERR912070,enx,1,5,0,0,7,9,0,0,0,5,0,45,13,5,0,68,0,118,74,0,100,0,86,0,34,0,24,5,1,33,6,158,40,3,15,0,14,10,2,1,3,17,27,1,178,0,70,53,26,40,21,0,19,3,0,4,0,13,95,2,13,47,8,2,0,14,2,12,39,3,14,5,39,80,74,0,22,0,25,0,19,0,0,13,0,41,0,0,11,24,139,4,28,0,0,34,0,0,0,0,2
ERR912161,enx,20,21,0,0,5,4,2,0,0,14,0,24,6,0,2,9,14,113,13,0,36,0,17,0,86,0,3,26,2,118,12,316,78,7,13,1,43,0,0,0,0,10,15,0,400,0,4,7,9,75,235,10,11,7,6,1,0,117,133,2,0,86,20,1,8,0,1,1,1,0,0,5,32,44,6,0,8,0,26,0,54,8,0,15,0,81,0,0,183,11,35,2,60,13,6,30,0,3,0,0,0
ERR912120,enx,2,10,0,0,3,1,20,0,0,22,0,468,3,2,0,28,22,0,1338,9,37,0,0,0,2,0,44,33,16,0,32,28,40,5,36,0,13,5,0,0,0,0,1,0,54,0,0,546,2,10,15,0,3,14,4,0,7,2,3,0,0,8,2,10,2,0,0,3,12,14,0,16,5,5,495,0,11,3,0,0,0,0,0,61,0,2,0,8,0,4,3,0,31,33,0,1024,70,4,3,10,8
ERR912078,enx,1,5,1,1,1,3,1,0,1,35,5,6,16,13,0,50,7,25,10,1,83,2,27,0,151,0,12,41,2,43,32,107,128,16,16,7,0,0,0,12,5,3,8,25,254,1,8,224,6,26,45,0,17,2,1,0,6,19,31,0,0,20,25,5,15,8,0,4,23,41,5,9,54,4,31,0,5,0,48,0,2,4,0,22,0,67,0,0,52,54,17,368,52,0,3,32,3,0,0,2,0
ERR912185,enx,16,14,0,0,8,278,11,0,0,5,0,16,6,0,0,23,9,0,9,13,28,203,44,0,0,0,50,10,4,4,17,101,9,0,9,0,31,0,0,0,5,27,0,0,82,0,38,2,5,83,150,0,3,0,0,0,0,34,12,0,0,26,14,1,48,0,0,0,38,18,187,10,0,0,16,0,6,0,0,0,0,0,7,0,4,0,0,0,13,0,0,0,2,0,0,61,0,0,0,0,46
ERR912067,enx,7,32,0,25,6,32,2,0,0,21,5,19,21,1,0,41,28,38,33,2,21,0,55,0,7,0,147,23,3,47,11,97,15,29,9,15,3,4,3,0,1,18,14,10,156,1,3,108,34,68,15,11,10,7,8,0,6,5,64,0,0,26,12,7,7,0,0,16,38,0,0,4,54,16,47,0,29,152,17,0,9,0,2,162,0,121,0,4,10,10,17,10,65,0,0,38,0,4,44,27,10
ERR912151,enx,4,28,0,2,22,1,2,6,0,3,3,14,10,6,1,27,5,57,84,5,14,0,19,0,29,0,107,83,1,40,3,343,24,20,22,2,1,22,7,0,15,16,12,1,225,0,44,33,37,40,13,1,5,2,10,0,7,8,20,23,0,73,9,4,2,3,1,2,94,27,0,8,8,10,48,1,40,28,28,0,0,62,0,11,0,147,0,3,10,34,27,34,8,0,0,46,0,3,1,1,4
ERR912077,enx,1,11,0,0,8,2,2,2,0,4,1,11,2,19,2,17,0,23,15,2,12,8,124,0,2,0,28,12,2,17,11,216,53,0,8,9,2,5,0,4,4,10,1,0,208,0,5,16,29,45,9,0,5,1,1,6,13,3,16,2,8,78,30,0,20,4,1,0,5,41,0,0,7,3,23,0,9,2,9,136,16,0,11,6,0,66,0,0,207,11,7,6,7,1,3,20,3,0,0,0,0
ERR912092,enx,27,53,3,0,1,4,1,0,0,24,0,40,4,0,3,34,13,0,409,2,114,0,4,0,2,0,48,12,4,26,13,408,25,4,68,0,0,6,0,1,1,5,9,3,216,0,5,63,10,34,20,0,12,3,2,2,5,213,4,12,0,25,3,4,16,0,0,59,10,2,0,7,27,0,113,0,31,13,36,0,0,7,0,58,0,102,0,0,77,10,0,2,56,0,0,26,3,11,0,1,2
ERR911958,enx,9,41,0,18,0,0,13,3,0,15,1,6,1,3,0,8,17,0,13,5,10,2,13,0,7,7,0,53,4,13,5,241,11,5,19,1,0,5,3,3,2,0,4,0,286,0,3,4,15,22,4,0,10,5,10,0,60,4,2,12,2,4,12,4,16,3,1,3,43,2,0,4,7,4,14,8,9,11,13,0,0,0,11,27,0,11,0,0,16,11,4,1,25,0,0,16,0,0,11,1,4
ERR912139,enx,18,23,0,0,12,10,5,0,31,3,1,55,17,1,0,106,3,112,119,4,22,5,154,4,37,80,20,16,2,136,9,592,40,9,49,1,1,4,4,7,0,28,54,10,515,1,19,49,18,18,24,0,16,4,26,3,42,8,37,0,4,17,19,2,8,0,19,0,86,4,0,6,99,31,83,0,114,70,83,33,32,8,0,8,0,71,2,6,9,3,53,42,10,37,2,160,3,6,23,15,0
ERR912116,enx,56,32,0,6,6,2,2,0,6,1,57,24,4,6,3,61,0,60,128,5,51,0,261,0,9,69,39,50,0,42,11,641,130,21,23,12,69,16,151,5,9,23,42,1,578,1,45,28,241,141,14,3,5,2,17,1,15,4,2,2,1,36,52,4,15,0,19,4,91,0,0,17,34,16,40,0,46,8,34,49,20,18,0,4,8,250,2,12,76,97,27,2,8,0,6,24,0,2,3,2,4
ERR912082,enx,15,2,1,0,1,1,16,0,0,9,0,16,1,0,0,1,18,0,6,167,251,0,0,0,0,0,0,91,1,0,11,7,4,3,2,0,0,4,0,0,92,0,0,0,30,0,0,0,4,36,213,72,0,6,1,0,0,2,5,8,0,2,0,18,1,0,0,0,64,77,0,19,6,64,27,0,548,0,0,0,0,0,700,6,0,0,0,0,0,2,505,0,11,0,2,4,5,0,0,0,188
ERR912202,enx,51,68,0,0,15,4,76,0,0,27,0,84,7,0,0,30,25,0,46,21,34,0,54,0,18,0,6,27,3,39,9,187,22,8,39,0,2,16,2,1,12,36,5,10,223,0,12,71,52,58,55,0,12,9,0,4,0,5,13,16,6,40,22,0,3,6,4,1,317,133,0,42,21,32,43,0,45,6,25,0,14,10,26,53,0,8,0,0,0,14,102,0,45,0,0,26,0,2,2,5,14
ERR912020,enx,17,28,3,2,62,28,40,0,0,8,2,29,11,0,0,127,8,49,16,22,135,5,26,0,12,0,81,92,7,32,46,752,11,9,79,0,2,6,4,0,0,5,23,1,649,0,2,14,20,75,46,10,8,14,16,0,12,10,55,0,0,48,27,9,2,0,0,1,74,57,1,30,10,0,39,0,67,5,34,0,10,0,0,52,0,6,3,0,214,42,0,97,7,0,0,36,0,1,1,0,48
ERR911978,enx,46,7,1,0,25,7,124,0,0,40,2,81,11,2,1,32,0,50,74,31,36,42,92,0,52,0,5,4,2,22,16,93,31,5,65,0,51,4,0,0,7,7,3,0,226,0,16,2,4,72,13,1,2,2,0,2,0,4,62,0,1,94,144,5,18,27,1,11,172,70,0,36,20,0,105,0,71,0,54,0,34,0,9,2,0,44,0,0,29,14,184,0,12,13,1,21,0,0,0,0,46
ERR912041,enx,4,90,0,27,14,0,1,0,0,17,12,17,5,2,0,147,200,63,51,0,109,4,95,0,3,6,99,9,25,107,27,262,221,29,23,9,103,11,11,0,0,92,61,2,354,1,45,270,313,215,26,5,14,7,27,0,10,22,12,2,0,85,0,29,12,0,88,18,170,0,3,20,175,15,117,0,74,40,290,0,0,4,0,61,27,47,51,30,0,95,16,4,30,3,0,385,146,14,12,142,9
ERR912119,enx,3,12,0,0,11,0,1,0,4,13,4,53,18,17,2,11,6,39,34,7,56,0,23,0,12,172,21,90,5,247,10,407,76,32,15,10,74,4,0,1,8,7,11,0,385,2,5,16,19,132,26,0,10,6,19,0,6,11,27,0,0,66,6,2,7,73,0,8,21,18,2,9,113,11,17,49,64,37,22,0,2,0,0,33,0,65,0,8,0,57,11,5,44,9,0,53,19,19,0,4,2
ERR912194,enx,136,18,1,18,166,6,24,0,19,1,7,20,18,12,1,32,3,136,7,7,85,8,5,0,3,98,53,31,1,348,23,328,6,5,9,0,13,4,2,2,7,16,13,4,295,0,107,33,5,141,142,16,22,1,30,0,41,3,9,0,3,56,20,0,9,8,4,9,59,26,1,10,42,5,33,6,118,0,33,0,5,0,4,0,0,30,0,0,63,133,29,8,1,15,4,39,0,2,0,0,14
ERR912049,enx,3,39,0,0,33,13,8,20,18,10,12,14,13,4,0,21,2,7,79,6,80,5,6,0,26,179,67,47,1,54,7,274,82,49,60,11,1,12,1,2,11,7,28,2,391,2,1,19,13,32,13,0,7,9,142,0,10,34,31,2,0,32,19,1,6,0,0,5,58,7,0,3,94,2,27,0,83,5,20,0,0,18,0,26,0,30,0,23,52,533,6,17,24,0,0,22,49,2,16,8,2
ERR912158,enx,10,36,2,5,12,43,1,26,4,3,4,40,12,4,2,101,5,37,39,2,15,16,9,4,41,25,5,39,0,60,15,219,81,41,3,4,7,12,61,4,0,8,24,1,244,1,20,127,38,128,38,0,5,2,17,2,12,7,15,6,0,203,12,17,34,20,0,45,108,0,18,6,137,7,27,12,34,252,43,0,2,9,0,2,8,208,2,4,84,50,12,6,18,9,0,91,13,30,10,85,6
ERR912140,enx,6,37,0,5,4,1,3,0,59,3,1,37,6,1,10,65,9,104,79,1,18,7,54,4,51,311,5,10,46,33,5,470,64,12,20,0,2,2,83,3,0,44,24,22,527,1,66,24,20,33,43,3,27,4,2,16,39,1,14,0,0,20,46,0,6,0,0,6,54,2,3,5,217,10,76,1,98,17,21,0,11,0,2,11,0,39,0,3,42,127,4,33,14,0,0,48,3,2,3,1,3
ERR911970,enx,1,44,0,73,5,64,0,0,0,17,31,9,1,7,0,18,8,71,41,0,50,2,4,0,0,0,72,92,1,36,20,65,19,9,15,29,1,0,3,1,13,2,5,0,122,4,3,64,1,65,19,28,9,19,0,0,19,1,49,10,0,101,12,2,1,0,0,55,4,1,4,8,6,56,33,0,69,0,22,0,29,0,61,74,0,31,3,0,29,15,185,3,16,8,0,23,3,2,0,1,37
ERR912066,enx,5,31,0,2,23,2,21,2,0,2,0,19,13,8,0,12,0,196,26,3,56,87,4,14,78,59,47,7,2,33,37,170,90,12,21,3,3,10,0,0,2,17,13,0,217,1,16,2,3,50,34,1,19,0,5,0,12,10,63,0,0,16,4,7,80,8,1,8,30,29,1,8,51,27,45,14,42,7,22,31,76,42,22,2,0,74,0,0,112,13,16,2,56,6,0,23,0,1,5,0,3
ERR912065,enx,5,8,0,4,19,2,1,0,0,9,0,23,11,40,0,19,4,29,2,11,28,0,15,0,10,0,146,46,2,7,19,71,119,38,0,4,6,0,2,0,0,7,11,0,137,0,1,20,7,153,19,1,27,5,17,0,26,19,2,3,0,35,22,1,11,0,0,12,43,0,0,0,35,11,4,0,41,43,0,327,5,4,0,32,0,28,0,16,247,4,74,4,10,0,3,95,41,20,32,17,7
ERR911954,enx,2,16,2,1,49,6,0,0,0,4,3,67,2,7,0,35,4,27,215,8,179,0,136,3,34,0,8,7,9,37,128,474,87,67,97,9,2,3,2,9,29,18,8,1,462,4,11,16,5,59,16,40,6,2,7,0,12,1,87,3,1,20,205,14,1,38,7,16,8,9,0,7,32,2,66,50,41,3,36,0,66,0,3,2,7,218,0,0,317,51,6,0,21,0,1,19,0,6,5,5,9
ERR912075,enx,124,29,0,19,16,6,128,0,4,3,5,116,5,3,0,17,0,52,63,2,87,2,10,0,22,0,66,36,3,39,65,146,20,16,24,1,2,8,3,0,10,2,12,4,272,3,58,49,99,39,16,3,10,2,10,1,23,5,10,2,2,70,16,3,10,0,0,22,778,118,0,37,28,12,26,0,53,6,23,0,12,9,0,2,22,52,2,0,14,19,17,0,13,0,0,24,0,2,0,4,11
ERR911988,enx,28,70,0,123,2,5,47,1,5,8,1,53,12,0,3,36,0,39,22,8,136,6,62,0,55,7,18,8,0,112,90,204,58,3,61,112,0,7,4,1,11,3,19,3,333,0,5,147,14,76,72,58,3,1,27,2,32,14,0,0,0,27,12,4,3,1,3,56,95,56,0,25,45,6,105,2,220,0,70,0,23,12,46,4,0,66,0,0,112,83,7,0,60,8,5,18,0,0,0,0,79
ERR912190,enx,102,17,1,0,6,0,79,0,0,7,0,111,5,35,0,141,3,86,5,2,26,0,4,4,52,0,441,62,3,6,5,243,48,0,7,3,0,158,0,0,2,9,6,7,214,0,10,5,36,15,76,0,16,3,0,0,0,16,7,4,0,5,12,2,29,0,0,0,336,116,0,84,13,58,12,0,55,5,4,6,11,54,0,16,0,6,0,0,0,97,49,4,18,114,1,17,0,4,0,1,5
ERR912089,enx,10,66,1,3,11,7,2,0,1,12,1,19,5,10,1,19,0,0,56,8,155,0,9,0,33,86,116,9,3,102,25,280,92,22,28,3,0,10,12,4,7,35,22,4,379,4,36,129,62,78,60,76,2,1,29,3,60,14,42,2,0,39,3,2,12,2,1,18,71,4,4,10,35,15,48,4,316,44,8,0,62,4,24,16,11,88,0,6,0,64,49,7,10,0,0,26,0,2,6,1,45
ERR912198,enx,9,6,0,1,21,1,5,301,2,1,5,11,4,4,16,184,2,49,15,1,82,181,264,0,13,27,114,26,2,63,10,679,65,45,3,7,31,2,2,0,0,23,27,3,741,4,26,51,49,61,34,1,21,24,17,20,12,15,11,0,21,20,2,6,21,0,1,40,144,0,6,5,250,8,29,3,29,41,33,0,0,7,88,19,0,76,0,33,4,12,6,13,8,1,0,101,2,28,37,101,0
ERR912173,enx,0,1,0,0,2,3,0,0,0,6,12,7,14,1,12,17,3,21,4,24,21,0,102,0,8,147,22,20,1,25,0,92,68,3,13,2,2,16,0,1,0,21,16,0,127,2,4,79,1,27,2,1,3,9,1,24,0,6,31,0,0,60,31,12,4,0,0,0,0,0,0,6,67,24,21,0,18,3,87,5,2,0,0,0,0,44,0,0,65,175,81,0,11,2,0,7,0,0,0,1,27
ERR912134,enx,15,187,3,0,2,0,0,5,0,70,29,89,12,46,0,261,57,131,108,20,135,62,108,0,30,0,51,8,22,171,16,353,70,0,40,0,46,25,1,0,9,6,24,11,485,2,18,44,42,118,33,9,41,21,55,0,0,11,11,10,0,74,52,28,6,1,0,3,183,11,14,12,50,14,95,0,113,104,41,0,22,12,2,146,0,213,0,0,0,40,46,33,99,141,0,43,0,0,0,18,14
ERR912103,enx,3,23,1,43,7,20,0,0,0,54,10,3,3,11,0,26,6,37,6,9,22,2,36,0,55,0,76,49,0,36,42,228,11,20,9,14,3,42,4,0,0,1,2,1,307,1,2,43,10,96,18,14,9,8,22,0,12,3,10,11,0,25,11,1,3,3,1,13,101,0,0,14,27,11,9,6,59,21,7,46,44,0,0,53,0,401,3,0,40,26,18,45,12,0,0,54,8,0,0,4,19
ERR911962,enx,1,36,0,0,3,4,0,0,0,0,0,5,1,102,0,2,0,0,14,1,14,6,0,0,0,0,281,0,0,3,278,99,34,0,1,11,2,54,1,0,0,5,0,0,269,1,0,57,2,29,8,22,10,0,2,0,3,3,53,0,0,346,1,0,1,0,0,8,0,0,4,0,4,55,2,0,49,0,0,222,0,0,0,0,0,4,0,0,113,1,58,27,0,0,0,3,0,0,0,2,14
ERR912152,enx,1,9,1,0,40,33,0,0,0,42,3,34,4,0,0,70,3,70,12,5,55,28,39,0,15,165,31,28,5,23,16,94,59,27,22,7,43,7,12,0,7,2,18,0,118,0,12,13,19,122,11,1,12,4,3,0,0,3,66,0,0,57,4,1,12,22,8,1,30,14,13,12,64,0,12,0,34,87,20,98,5,0,0,31,0,138,0,30,79,8,4,0,37,29,0,43,24,0,0,79,19
ERR912186,enx,6,53,0,0,4,0,3,0,0,67,0,41,2,0,0,62,90,4,180,2,91,0,7,0,0,51,28,64,7,141,0,322,35,13,89,1,2,13,11,0,55,1,9,6,413,0,15,19,84,32,30,1,4,29,8,0,6,36,28,0,4,33,35,2,16,30,0,0,62,16,0,48,25,8,73,0,50,3,34,0,4,78,2,199,0,372,2,6,23,55,0,0,94,5,0,23,22,0,1,4,1
ERR912064,enx,2,58,2,0,16,1,2,0,0,79,53,39,23,8,2,70,102,43,71,1,84,0,155,3,6,0,152,162,9,175,3,281,146,58,1,10,0,11,9,13,4,58,26,3,295,8,44,13,32,29,56,1,3,35,44,8,10,75,107,0,0,6,8,4,7,0,0,17,24,2,0,0,26,115,150,0,83,15,9,0,0,33,0,512,0,24,5,65,0,38,135,8,78,9,0,42,29,9,12,2,0
ERR911972,enx,5,35,0,8,4,6,2,2,0,4,4,35,1,46,0,161,5,88,18,8,20,2,98,0,11,0,9,66,0,35,14,285,35,10,2,1,1,4,6,6,10,34,12,0,324,5,16,43,32,33,21,9,9,5,5,0,12,4,20,2,0,191,23,6,12,23,0,10,96,16,0,5,58,23,40,0,77,17,6,0,5,0,0,23,0,20,11,0,16,12,154,0,7,64,26,27,0,19,20,26,15
ERR912113,enx,45,15,1,3,7,7,70,0,30,0,10,79,10,0,1,83,5,27,4,17,37,0,48,0,25,75,129,29,5,101,4,263,46,14,61,0,26,63,3,0,2,74,5,1,517,0,58,15,68,75,25,3,8,2,1,0,8,14,39,4,0,15,27,12,7,0,0,5,630,68,1,76,42,22,64,0,91,0,22,0,2,28,4,35,0,10,0,9,0,65,39,1,17,77,0,67,6,0,0,1,15
ERR912053,enx,1,13,0,14,3,13,3,0,5,6,15,10,5,48,11,32,10,21,14,0,14,0,37,4,16,39,17,133,4,26,8,288,180,10,9,2,2,2,1,4,0,16,6,14,268,3,8,34,22,146,17,0,4,3,13,26,12,7,6,10,0,26,23,0,8,3,4,5,86,1,1,6,79,14,118,6,29,13,4,0,22,4,0,0,11,766,2,0,14,35,77,11,10,0,162,71,22,7,0,18,2
ERR912054,enx,5,9,0,0,7,8,4,14,7,24,2,38,1,1,0,32,30,56,51,3,11,2,25,0,4,0,29,54,5,103,8,226,4,0,17,0,10,4,13,0,0,1,43,15,283,0,3,77,30,59,7,0,7,20,3,0,8,2,40,2,0,26,9,16,2,0,0,12,53,8,0,15,41,23,38,0,28,209,115,0,5,12,0,15,0,180,0,0,74,40,7,3,17,3,0,187,0,0,0,32,0
ERR912063,enx,26,139,1,7,10,4,2,0,0,52,6,35,4,0,4,39,13,17,168,2,159,0,149,0,6,0,64,167,5,78,9,413,74,25,93,3,9,0,7,4,21,4,24,3,402,1,7,13,35,32,6,2,4,30,30,4,15,19,5,0,0,11,29,2,2,0,1,6,85,0,5,1,25,0,66,0,89,9,38,7,4,0,0,72,0,83,3,33,67,12,3,0,70,2,0,9,3,0,5,5,3
ERR912044,enx,2,48,1,0,2,1,0,0,0,21,0,63,3,0,0,8,8,0,224,12,50,0,28,7,2,0,52,14,12,33,8,352,14,0,42,1,23,4,1,0,0,10,8,4,529,0,4,14,16,50,2,0,11,1,0,0,6,28,108,0,0,8,62,6,7,0,0,1,19,2,4,2,7,14,146,0,11,14,132,12,0,0,0,49,0,327,0,0,33,60,4,11,31,0,0,53,0,0,0,1,8
