sample_id,group,Acetatifactor sp.,Acutalibacteraceae bacterium,Agathobacter,Agathobacter rectalis,Agathobacter rectalis ATCC 33656,Agathobacter sp.,Akkermansia,Akkermansia muciniphila,Akkermansia sp.,Alistipes,Alistipes communis,Alistipes finegoldii,Alistipes onderdonkii,Alistipes putredinis,Alistipes putredinis DSM 17216,Alistipes shahii,Alistipes sp.,Alistipes sp. HGB5,Anaerobutyricum hallii,Anaerostipes,Anaerostipes hadrus,Anaerostipes sp.,Bacilli bacterium,Bacillota,Bacillota bacterium,Bacteria,Bacteriophage sp.,Bacteroidaceae,Bacteroidaceae bacterium,Bacteroidales,Bacteroidales bacterium,Bacteroides,Bacteroides acidifaciens,Bacteroides caccae,Bacteroides caccae ATCC 43185,Bacteroides caecimuris,Bacteroides cellulosilyticus,Bacteroides clarus,Bacteroides eggerthii,Bacteroides faecis,Bacteroides finegoldii,Bacteroides finegoldii DSM 17565,Bacteroides fragilis,Bacteroides fragilis str. 3397 T10,Bacteroides intestinalis,Bacteroides nordii,Bacteroides ovatus,Bacteroides ovatus ATCC 8483,Bacteroides ovatus SD CMC 3f,Bacteroides salyersiae,Bacteroides sp.,Bacteroides sp. 2_2_4,Bacteroides sp. 3_1_23,Bacteroides sp. 3_1_33FAA,Bacteroides sp. 3_1_40A,Bacteroides sp. 4_1_36,Bacteroides sp. 4_3_47FAA,Bacteroides sp. 9_1_42FAA,Bacteroides sp. D1,Bacteroides sp. D20,Bacteroides stercoris,Bacteroides thetaiotaomicron,Bacteroides thetaiotaomicron VPI-5482,Bacteroides uniformis,Bacteroides uniformis ATCC 8492,Bacteroides uniformis CAG:3,Bacteroides uniformis CL03T00C23,Bacteroides uniformis dnLKV2,Bacteroides uniformis str. 3978 T3 i,Bacteroides uniformis str. 3978 T3 ii,Bacteroides xylanisolvens,Bacteroides xylanisolvens SD CC 2a,Bacteroidota,Barnesiella intestinihominis,Bifidobacterium longum,Bifidobacterium pseudocatenulatum,Blautia,Blautia faecis,Blautia massiliensis (ex Durand et al. 2017),Blautia obeum,Blautia sp.,Blautia wexlerae,Brotolimicola acetigignens,Campylobacter jejuni,Catenibacterium mitsuokai,Caudoviricetes sp.,Christensenellales bacterium,Clostridia,Clostridia bacterium,Clostridiaceae bacterium,Clostridiales bacterium,Clostridioides difficile,Clostridium sp.,Clostridium sp. AM34-9AC,Collinsella sp.,Coprococcus comes,Coprococcus eutactus,Dialister invisus,Dorea formicigenerans,Dorea longicatena,Dysosmobacter sp.,Dysosmobacter welbionis,Enterocloster bolteae,Enterococcus faecium,Escherichia albertii B156,Eubacteriaceae bacterium CHKCI005,Eubacteriaceae bacterium Marseille-Q4139,Eubacterium ramulus ATCC 29099,Faecalibacillus sp. H12,Faecalibacillus sp. MSK20_93,Faecalibacterium,Faecalibacterium phage FP_Taranis,Faecalibacterium prausnitzii,Faecalibacterium prausnitzii M21/2,Faecalibacterium sp. Marseille-Q4137,Flavobacterium tibetense,Fusibacter tunisiensis,Fusicatenibacter faecihominis,Gelidibacter sp.,Gemella sanguinis,Gemmiger formicilis,Gemmiger gallinarum,Hungatella,Intestinimonas,Lachnoclostridium sp. YL32,Lachnospira hominis,Lachnospira pectinoschiza,Lachnospira sp.,Lacrimispora defluvii,Mediterraneibacter butyricigenes,Mediterraneibacter faecis,Oceanirhabdus seepicola,Odoribacter laneus,Odoribacter sp. N54.MGS-14,Oscillibacter hominis,Oscillibacter valericigenes,Oscillibacter valericigenes Sjm18-20,Pantoea sp.,Parabacteroides chinchillae,Parabacteroides faecalis,Parabacteroides gordonii MS-1 = DSM 23371,Parabacteroides leei,Parabacteroides massiliensis,Parabacteroides provencensis,Parabacteroides segnis,Parabacteroides sp. CH2-D42-20,Paramuribaculum sp.,Phascolarctobacterium succinatutens CAG:287,Phocaeicola,Phocaeicola coprocola,Phocaeicola coprophilus CAG:333,Phocaeicola dorei CL02T12C06,Phocaeicola fibrisolvens,Phocaeicola massiliensis B84634 = Timone 84634 = DSM 17679 = JCM 13223,Phocaeicola salanitronis,Phocaeicola salanitronis DSM 18170,Phocaeicola sp.,Phocaeicola sp. KGMB11183,Phocaeicola vulgatus,Phocaeicola vulgatus CAG:6,Phocaeicola vulgatus CL09T03C04,Phocaeicola vulgatus PC510,Phocaeicola vulgatus dnLKV7,Phocaeicola vulgatus str. 3775 SL(B) 10 (iv),Prevotella pectinovora,Romboutsia sp.,Roseburia amylophila,Roseburia difficilis,Roseburia hominis,Roseburia intestinalis,Roseburia intestinalis M50/1,Roseburia inulinivorans,Roseburia porci,Ruminococcaceae bacterium OttesenSCG-928-L11,Ruminococcus bicirculans (ex Wegman et al. 2014),Ruminococcus hominis,Ruminococcus turbiniformis,Segatella,Streptomyces sp. DSM 41524,Subdoligranulum sp. AF14-43,Tannockella kyphosi
SRR6784522,cfs,1446,53843,29436,56599,6503,8286,89,4394,558,706817,27197,147552,24811,105699,16860,114893,194474,11459,13391,6492,18032,2728,2910,32584,104029,460048,109120,715597,5777,1192412,9827,1540033,48279,34489,1088,6743,14016,2753,5022,23307,33399,18231,491365,2871,14492,106410,116950,5091,4440,7399,169788,15589,2133,6717,66702,10924,58152,8107,7095,12081,314030,798171,26181,411308,46587,3190,4324,8795,5697,7984,52538,2223,26817,5245,6446,2787,35973,1271,6419,3199,12841,30238,3322,4813,8801,139532,8886,64344,750355,28725,41752,7596,20054,871,2045,11722,1562,1575,1480,12035,4018,5217,6556,3600,58572,27507,2898,175204,12308,1152,3050,24796,655,14080,486,19235,14855,2038,1463,4702,1906,9664,1577,7184,34116,4050,27189,21041,1146,2005,2865,59051,8844,132715,25903,28770,492027,1561606,195673,10074,63959,1073784,127211,192386,5074,12762,5504,2767424,24307,6333,378745,49229,19031,389365,21088,116984,2240459,92933,10541,133139,18118,16383,37170,32653,96493,5179,6900,6117,3561,1159,8725,923,4088,62592,93966,45062,5202,522427,1802,4951,4884
SRR6784544,cfs,17107,5991,9105,60882,5136,13258,26640,39388,6199,1192612,179849,64190,192077,311536,49308,203123,346657,6387,16756,7520,25671,3302,10087,198644,596420,284490,75220,503618,4600,2115636,20774,4741253,38589,201734,28124,12350,2825666,7937,1883469,225174,15717,8319,199257,5339,223236,8519,186590,42336,9088,423516,220741,6137,8496,47863,10329,14044,7172,86089,2361,28635,26182,175690,8210,410218,68946,4149,6082,7267,7109,12091,73413,6034,78931,377566,7185,6178,23648,8519,5603,14594,21317,40545,32780,3613,11543,213287,424817,344560,182547,21123,1218101,104814,230304,10615,4995,40145,11628,9645,11043,18655,14671,10825,8255,27268,119344,93941,22138,110977,12400,2062,3730,61475,1379,40928,1119,90207,38579,6237,16523,65736,2587,18724,11786,26791,550322,60657,140823,90836,12201,20841,13389,61304,8727,161475,331524,68521,1903335,1975959,378790,6506,2152894,130542,33426,76604,21164,33728,6835,856061,28832,17909,4280736,306152,19347,12147,7766,69551,442800,14659,2654,19834,1832,2332,4615,3575,41811,33364,59514,7465,13542,3140,5531,2642,11642,5357,30773,62231,47989,8983,61124,24977,51961
SRR6784404,cfs,180671,10999,946841,1522086,181357,227822,118695,93975,21623,23901,7017,8578,19263,13445,4229,9946,14120,3665,27160,56468,212991,34030,64832,305628,112608,315847,125434,514606,3333,1772961,13169,8615030,41468,53837,7846,25134,21326,2839,15979,11629,48492,24494,120225,38886,21093,2540,2434925,623702,198364,9508,485895,103811,161228,2503,7363,4062,3775,3244,27667,1455,28055,152523,4879,106882,6253,336,878,2460,329,812,504897,69328,55168,3904,9997,2492,512702,31039,121862,38969,271938,97589,370122,1661,4455,637693,14110,2282972,172216,18842,475851,72416,375581,118122,14718,72879,11944,137676,21346,77954,40446,36940,24396,7626,266331,81544,401923,1397987,637009,49850,87473,1679312,126939,659035,19389,56952,414998,89716,36820,151415,12749,209992,27904,44037,983803,94340,650410,449654,111323,10026,20167,2332,627,12672,193550,337548,762271,21024,77290,10059,8066,56780,2152,17267,948,6573,5217,67351,229,37264,156110,14751,4001,9970,10639,12429,166128,1329,184,2158,684,1699,4043,524,3065934,89596,136424,790941,30335,12607,93822,12010,131100,595093,22107,677053,18805,19086581,24701,48289,47690
SRR6784532,cfs,99460,2290,545726,917328,100916,158595,487,1524,1028,5156,907,1130,3447,18371,880,1526,3769,581,11168,8207,24208,4193,364,163290,144334,325061,618544,243684,2972,699782,9659,668820,6262,19293,727,3286,9581,3920,6226,8429,6760,3291,225212,2422,6312,1574,47215,2005,1395,6867,59085,8609,477,34928,6264,1558,4395,34259,2408,449,69535,716280,19757,45204,3070,57,881,114,2432,1942,50608,5862,20019,2984,5411,3035,26415,6290,6824,9429,18005,29852,193810,3274,1814,1146940,3747,505611,41536,57689,119850,37234,144238,61190,4000,23531,6242,164131,10277,20787,21347,8905,10378,3643,45828,88695,16360,129243,394118,81498,11159,824603,10210,309808,47236,40660,43424,8560,258690,486673,7554,189671,11822,23302,944986,64339,209960,327113,55668,1872,10412,72,594,1398,19808,71417,149076,1903254,395994,2363,2693,26180,7680,59613,14645,31574,3921,565671,2313,3629,2855555,206906,4878,8780,4132,48683,271469,7324,1426,12927,1179,1659,3949,1847,12594,269611,81414,16552,561258,53571,858495,91492,333075,124326,126044,76459,10711,11784,66969,154454,35852
SRR6784552,cfs,46212,10655,46900,173093,10515,21779,142,1603,1605,10685,2243,14357,6909,9802,1323,7808,5617,2296,13033,11545,31868,5435,759,89639,59179,616749,322515,1193024,15001,1826074,19274,5205437,25763,38368,3517,19171,3881719,7351,20557,19582,23002,15658,115149,18658,136100,9818,1002378,154822,85167,19412,408375,59077,75013,11178,115644,674,81740,11596,37108,698,40253,734391,21771,143590,4671,293,655,312,1521,329,289586,25657,15153,4230,12657,2262,56353,4331,5638,7714,24048,37713,92888,3770,1691,209269,9550,407564,28675,193764,186570,48782,191742,27542,4717,16854,5163,111961,5994,12214,11496,7168,13866,6329,105541,43980,55247,121319,188509,21806,8549,604558,6833,252962,9920,25273,67422,13957,331,11019,4240,4542,7741,20755,1103401,52201,150113,148318,25618,2378,7535,940,261,13199,106003,60299,354287,22266,92082,16857,6062,30429,9753,10123,2957,11341,3565,4059656,13873,6744,645924,79832,58868,4003,31272,170301,4159283,137899,26363,199179,30432,25731,59009,55712,31146,72312,51851,135269,268434,24889,102896,14048,67442,5251,21329,26728,18495,55632,3079,3412,22480
SRR6784412,cfs,78510,2210,4239,39170,2877,4510,137623,38101,8652,260382,2200,132358,15345,14140,1437,140199,109523,15065,4693,3533,11144,3388,505,78322,96733,513148,55820,547602,4290,2128674,8913,4002599,14317,71538,4549,10370,46338,28031,24714,8595,38890,15256,172566,5729,16111,3797,255333,38202,10679,20052,218779,12727,10576,4941,23807,48797,17735,2949,7209,52809,2187951,185311,3530,1265939,205950,16214,29443,31531,13264,27505,72209,4365,21809,9815,10567,8386,33409,4383,1436,5926,8017,30471,172743,4212,51095,159469,3943,294746,10434,10897,62643,30599,111964,63934,1564,24414,2172,5890,4506,6052,22203,24623,7805,1877,65765,74607,2426,11313,47298,7953,8536,70639,1362,49114,4258,94639,9502,868,467,8802,2201,2627,5197,90689,7848,3999,69796,443467,47491,1005,6107,709,493,18366,27033,117020,77680,271120,49909,5181,68470,384444,33566,43910,991,2323,4854,825986,4024,19447,161616,34336,8230,17647,13504,39407,762345,24344,3080,35605,6161,4449,10547,9852,18355,7973,10980,88176,50098,6980,15100,5318,11103,180684,34253,133288,12349,27728,1148,2466,24136
SRR6784533,cfs,71119,2692,897344,1157977,139943,188872,203774,75908,15554,554299,15367,105246,21191,401442,55879,74422,172969,10058,12843,1689,10066,1803,3873,147549,269107,233115,607171,364953,41583,2028908,349658,4540720,110700,241505,30302,10373,2531129,729598,28484,9022,15407,7599,139236,3519,111167,6324,100345,10449,3435,243099,423285,4367,5764,34584,7233,63942,4249,20810,5248,63731,57594,278968,7883,1208632,268307,21194,16773,27135,24188,40655,55541,3166,50502,8351,8776,8627,80681,5824,4779,14165,15394,80074,134383,4053,39420,307661,8019,396738,16477,24383,369199,45150,131184,45578,5271,60191,5432,6075,9053,28973,24891,14043,17818,3548,51114,89911,12832,65202,184920,7414,12919,588979,7114,189648,1946,37898,35689,6050,10309,18887,24349,39607,12172,25133,13496,3910,175303,208421,39504,6133,13248,49911,8225,132744,47034,58483,264994,1835635,295764,6301,473339,241810,28283,87909,8165,28125,672463,384007,3521,42136,1735161,120099,21792,8012,15822,45570,308553,7381,1120,10068,2079,1233,3568,2245,84932,11458,23904,28122,22820,10164,18285,3832,9123,3118,10768,20686,75605,24500,17588,10681,23948
SRR6784555,cfs,13249,1178275,5393,51497,2546,10480,818503,485373,155614,2572881,31555,7673,8852,2267544,301521,29762,475855,331,4580,91240,212768,29844,5930,152943,478935,226652,33690,466044,620,1353141,44782,5013045,8028,29058,655,3128,28593,366,12946,8149,11200,3046,16214770,44435,8577,2050,72469,1699,5564,8971,33439,2657,6602,595,1314,3465,9337,3025,211,1726,13032,68427,6223,96752,8788,356,2383,1811,499,1121,34556,8119,57033,7101,3908,9096,47261,8282,13746,6908,17804,27804,27779,3292,1978,203982,9959,229622,349302,66155,1168528,35537,196675,8487,1242,17611,4538,64229,3504,5844,43454,80332,19870,6097,624936,57594,530747,35871,64997,22613,4803,110503,1905,90867,12408,68298,24048,1967,694,9594,1558,7787,23293,10641,185592,14623,77387,652161,8303,2314,28143,967,271,7181,76260,285768,250215,7712,46911,2413,17222,13147,3803,1293,1472,1818,6095,81068,381,6598,53044,3608,5551,2572,991,6026,146431,2612,246,2821,3133,2624,5327,903,9849,39567,48325,14451,52440,7006,47011,6605,49527,30168,22903,59362,18402,33659,2736,2083,22680
SRR6784405,cfs,126593,711226,1507230,2446419,292083,346733,9027,33961,43268,3364847,41354,1098454,207023,965054,156672,616049,842244,104541,75595,14241,52539,7735,131739,552083,1020262,1760465,3829605,2265981,26006,7416005,167719,14178900,115796,791452,116475,50325,92392,18026,1653364,38123,71067,39643,584764,34525,69255,19217,2601423,239428,197669,45314,808380,149294,149582,173144,50582,185772,24481,153150,50582,126090,85670,1047427,35459,2579510,755141,34008,43135,44705,46790,104158,623363,79550,152589,31238,28718,18882,125910,20298,34373,36738,82564,118928,285175,17686,94868,3736786,28958,1090751,358703,53389,1532196,127120,222247,92744,35362,226929,25200,753527,28561,113027,255523,38915,38637,31677,292259,410436,71751,181447,1304189,86345,56782,3508605,37657,1737421,44257,160525,171160,26736,187162,355615,165243,408359,49413,54215,57286,26515,426570,524989,89199,17385,29307,332143,43817,949381,951233,509401,3643709,983218,245675,23115,57445,846762,95405,133839,10026,3719,19958,3254982,31715,88404,16032858,1125620,27820,21241,53791,345373,1822117,40956,9377,78554,13162,7709,17382,14619,80649,70298,115567,1117954,55130,18194,50759,9408,90198,1310413,998586,1672286,82879,164768,622218,114496,103230
SRR6784546,cfs,140232,5606,357274,734975,62228,102941,1735,1399,675,148726,33858,4259,10971,93984,13388,26420,53197,1207,4288,2549,12359,1980,8730,87205,219447,84135,149359,47140,19039,362157,111890,571167,6295,118797,16156,2169,58792,890,7462,42906,9755,3165,16442,1197,8266,1980,62265,3670,4963,47332,25568,2720,1793,355,1599,3389,1107,865,1669,3525,28856,55437,2160,92252,15882,610,1002,1538,1498,2470,20161,1586,10547,1563,2726,822,13860,2569,9147,7561,17484,15244,135017,956,2254,141779,4146,247565,93293,8410,1004890,10278,99996,44848,5092,34565,2646,2354,4030,42908,6123,4991,6541,2795,381220,29566,28223,49190,12729,993,2929,52428,2766,16880,465,46891,22446,3817,3702,14459,4835,10574,3639,22351,10096,3863,103033,371006,44517,2872,6664,2916,508,9931,48885,21115,1289989,513695,81164,1733,4874,65107,7977,25197,1471,9392,5824,67245,15338,3012,23101,2359,1266,10441,1111,9053,104205,2080,277,2977,495,327,718,639,1908246,19706,33413,65149,25901,8370,14807,2745,21053,25434,42026,22565,23817,7504321,2884,2755,14133
SRR6784520,cfs,28882,1463,12018,32742,2712,4082,210099,196002,38271,768843,4359,25899,820216,5435,904,27867,278697,3275,1886,5181,13511,2221,113,32093,7296,207962,26551,304116,21000,1020658,48983,2095018,33058,30094,589,20040,36961,14954,9015,7612,17544,4186,142629,5581,46688,854,115806,8762,7789,10394,700287,7713,4748,1653,10811,34058,11181,2385,7396,42693,12315,266916,7491,1345545,146434,7158,10053,29250,6461,11137,113945,10776,18846,27763,5092,2065,18897,1044,1830,1958,4965,12955,59246,984,24256,64514,1744,106156,9904,7997,24187,5771,39797,17901,367,5657,627,890,1212,2984,5778,6840,6826,1884,25717,16538,5056,5172,20582,3553,1112,73623,3488,23343,1906,11764,11126,1997,550,3397,525,2429,2802,32118,2751,387,28569,52691,15727,421,1993,718,176,4119,8891,35196,30058,12897,126027,4802,5302,34956,5644,5512,2058,1575,1260,518731,3779,8464,104836,9702,4302,20647,7206,24809,470015,19264,2158,27408,4047,4470,10497,5564,15851,2444,3350,12967,4482,1127,5094,795,3845,1384,8328,10386,14152,2230,796,965,5892
SRR6784538,cfs,1503,795,27549,53467,5951,10123,653,4699,411,2139386,7824,115075,642505,131914,20825,67523,509150,13068,13219,4927,14791,4488,4390,62925,10336,345682,110759,671425,27608,1482970,29623,4902524,20421,137279,19670,10595,35678,2609,6232,9364,13040,8272,203324,8153,32638,722380,460312,89072,24105,23886,256613,31330,24757,77388,13691,73084,19795,122495,3179,74943,22980,536100,21813,1317437,268204,11908,23442,23958,34453,83849,102201,9294,22713,8541,4421,5987,965548,3055,13390,19011,358043,27230,2433,6824,46603,159381,650,119831,10151,3829,33136,43857,18328,726,10286,18221,5835,3520,2160,7525,33908,33947,113196,12777,1005002,22965,5558,7753,6826,1230,1024,21765,530,8809,595,41080,22936,3304,625,3641,427,3498,5873,2409,5782,1197,99215,78584,1970,3309,75881,100,78,6022,36080,148545,21878,8737,36037,4479,10287,36267,7180,6353,9352,728,3518,1227474,3146,4538,6333074,451560,5561,5781,12062,95756,573801,17315,4072,25149,2675,3318,5259,4927,30729,16749,26023,23622,11309,1723,9731,1435,8499,320897,482251,108770,81637,17555,1687,1274,10285
SRR6784530,cfs,1118,3081,2036,39003,975,7285,3597361,5612002,413954,985721,479040,28017,29800,299423,45377,87146,245682,2399,2708,15899,42107,6682,1148,108367,264516,339104,377009,502657,3477,1627914,19992,3044775,39040,2092109,248025,9126,82226,3510,10989,11208,26892,12687,163488,6636,352159,12367,120243,3592,6418,9434,140032,19364,1789,5065,25004,27482,23192,5054,6259,22212,19190,122894,5318,508477,114027,4885,8505,9219,7540,14621,74358,5969,15393,533284,15848,4236,55985,7697,10942,6330,13511,29193,1513,3471,15204,494986,76734,124990,39331,21514,313784,30680,11913,233,1402,7987,2024,41516,2398,15873,113451,83511,7634,5787,93643,190633,12756,16617,56441,3665,13055,115325,1043,55535,2282,187037,6096,757,20284,17824,44427,74907,8982,194426,164249,13071,33149,25623,3140,1497,5479,80098,11024,200910,118477,468694,475321,181908,60370,10815,15457,105936,13235,19381,4021,3088,5141,1177287,4162,6381,203856,29992,82807,4631,10664,55404,916053,38090,4521,50504,9067,9040,16458,13303,47873,30847,50111,11396,50741,5611,5286,1123,10264,91008,408272,59229,15566,6432,22893,9614,15034
SRR6784537,cfs,566,3690,44382,86166,8848,12260,480860,62678,561097,2009521,10671,3459467,168570,10292,2896,41317,144823,181708,1878,370,2989,1619,4737,103804,74851,261662,518231,83668,1137,800158,6919,1565906,11885,37634,1854,36364,20495,5094,12296,8765,2829,4658,2092940,6754,8873,1592,105288,10441,8958,4484,64053,5789,5497,10106,3536,4058,3697,1048,1401,736,763919,615670,12204,38067,2243,161,148,1005,3253,385,34542,2304,1874,7295,7920,1512,271755,3215,3023,9106,61832,115361,1394,1345,525,341752,9235,150092,777770,27609,232526,42806,1373663,450,1179,11995,2187,16513,3126,9705,19218,12227,11852,19550,448753,65990,30814,10583,8739,2477,2706,27957,326,12761,1067,121269,112937,22432,946,8706,1055,15167,8620,119737,7522,1183,171419,72060,1575,21462,10745,647,564,3053,35351,225719,339948,33770,14268,12419,10010,17517,607,6162,501,409,3950,29618,1595,14665,55259,12420,5202,1905,393,2990,55090,673,85,861,187,113,494,285,13422,7156,13135,2556,7852,1919,4897,574,3847,694571,864226,453638,455279,4118,4524,2768,29536
SRR6784549,cfs,114538,90323,404426,806464,82573,115200,210496,282321,73072,1040959,255148,39435,1171243,16352,3081,39614,390666,5416,12850,13907,39853,9608,20511,237073,204375,848646,81070,954813,7316,2919152,15461,11039964,39337,36384,1429,37971,263393,8579,14620,260731,64738,25361,571357,12123,59470,29564,662566,131869,47851,13711,1028994,62934,69522,9406,43897,149654,31904,16479,23483,157123,1353974,264708,21199,4367924,622824,31060,31416,297107,45737,86401,195559,25730,42658,9877,15090,11081,36975,9953,9795,24352,29052,55952,243271,16566,112459,328168,18237,496812,410827,48291,410407,57272,453318,79774,4032,36211,9133,8841,11805,16317,16304,17850,11401,11003,125648,93864,15104,214850,252057,76395,7174,336499,5713,352324,38109,93152,187097,38544,8081,38168,5815,24635,21495,11987,20855,195861,359891,344210,64182,9033,13019,80314,9793,162041,23707,101061,689141,177713,121430,28083,3795585,90413,24218,27263,3423,1907,12466,1923413,7353,29484,352900,41667,22739,8689,27398,99631,1639403,68294,7902,86322,12669,11039,21039,19921,21477,13749,20027,105998,28982,17513,38844,10553,37128,96368,55973,208705,17959,3672,4450,14408,35842
SRR6784409,cfs,1625,45322,429031,675213,77845,115821,1210,4446,483,298834,64734,20544,121111,35390,3019,7613,93581,5874,12143,7025,20740,2861,362,58827,17300,473876,581386,999711,2587,2118862,367084,4818615,18639,36841,1436,15974,22152,1507,6041,295306,25480,24238,115368,11642,12881,1461,838569,177292,62842,7747,274606,42518,58926,13205,81810,795,47350,9359,15961,956,19369,210101,8690,127075,6861,393,385,162,2716,959,190009,15068,22807,7208,9576,1031,36028,3030,12605,4498,8078,34499,3698,3337,540,233127,1394,122465,214861,172710,93289,17120,181829,964,5015,18794,2830,3727,3839,13765,728,445,7055,5919,90142,20638,6620,46247,8029,1674,1318,35425,453,9190,961,10423,27827,2060,2764,3102,5293,9259,17362,2293,7799,1365,101486,35452,2120,942,6335,1025,167,8965,2857,4096,156348,14984,57497,8548,8687,45024,14847,7998,2321,942,6538,3619052,12007,57485,477064,63369,18639,6727,31224,145590,2907502,147809,14038,183706,25475,23988,42585,38419,85021,64689,102304,15231,35890,6250,18218,2588,20932,490254,378403,129266,4130,31990,4064,1053,9019
SRR6784527,cfs,534,3169,7661,20207,2085,3550,18584,24149,14982,308613,6096,24208,9922,251444,44711,7831,92546,3611,3160,386,2502,917,1000,59034,56572,606970,139720,1319478,2928,3964186,6813,7863848,25485,74753,2466,23574,39247,15943,19455,18125,32345,17503,276073,25362,35012,8985,391978,30452,18747,17409,373252,23118,13495,6926,42274,101978,42953,13139,47006,82025,3403619,206843,11577,1920483,861143,21634,26813,35776,29636,58041,530014,32471,85901,24972,10090,13254,109740,1978,2405,7167,10671,68225,1547,5634,63877,272395,25180,88677,11256,35071,62138,19058,85972,351,1204,19120,1831,2464,1881,4826,34793,39705,17178,3824,89011,103946,8262,6473,6533,583,2378,27205,422,10382,276,50295,9545,697,81697,258428,24284,107806,8010,12913,7507,775,133682,185043,1829,749,5570,1321,491,45208,65700,191493,122915,456484,137684,10669,31278,458673,73679,63823,9991,6413,9402,2002482,6750,47317,335629,37640,355230,19244,13089,120243,1617361,69189,6590,81155,14287,8949,25439,20586,20471,3921,6455,198355,6749,1559,4891,1152,14154,78334,84215,39058,16155,24705,44205,58033,9011
SRR6784557,cfs,4716,122323,10185,30671,5234,4936,2634808,605891,161094,4823199,322975,893335,579282,955054,125233,1024602,1312875,58802,2737,400,2854,669,1587,76400,1834381,135086,67222,186550,606,670911,3684,923182,3828,18528,1933,3270,12600,3059,7959,2946,6916,6246,48664,1261,9215,1572,72081,1313,759,4404,61633,795,625,1557,4183,18090,3479,5421,750,33308,10715,50486,5631,419663,91250,6976,6667,8929,9404,10041,20448,1102,7035,302655,3096,3661,9908,2679,1897,3760,50688,15443,8874,1183,16734,319949,12810,119060,186813,14643,1810370,35384,88088,2500,9610,9875,4832,4901,2560,8020,65828,91230,8009,2460,76886,189370,17223,32523,269856,16264,45387,677765,14488,512777,6472,82996,82292,17946,128542,220644,106139,223724,18427,951994,1294,248,98372,216256,5187,2834,2284,4503,872,21696,258136,456197,2676965,217059,48084,5788,8220,159034,18259,29349,3344,2223,6422,54978,1813,4062,56006,2996,3235,3419,957,6495,113337,1371,297,1637,806,167,936,653,8482,1427,2885,13314,4447,1397,5536,3585,3092,82223,29150,85168,107525,2837,77985,51496,20152
SRR6784547,cfs,3830,1265,16686,32148,3700,4454,69635,18085,4336,158868,6671,103860,30922,4662,516,49088,38854,8594,679,11776,26638,4507,4932,23553,35050,56826,19311,78070,632,270287,5389,190258,3469,15753,1580,2774,44827,2327,78416,1999,2741,1105,16962,336,15638,1846,14390,1171,379,1476,17485,531,837,834,10252,934,4870,1280,568,788,43308,71472,2195,28809,3363,263,580,487,676,921,7720,602,12994,83106,3046,313,21209,1063,1243,1339,4962,17035,7202,576,707,85646,198367,37996,52464,2470,361774,10669,151291,2497,438,3494,1067,1296,858,1646,1366,852,1662,1870,10300,18808,190485,13514,7610,584,923,27686,1105,7930,283,8300,17617,3781,3237,2421,6571,10793,1144,8401,45076,4368,31999,17833,2573,421,1476,20854,3807,50735,3314,5997,61004,96284,24100,2114,10014,7224,883,3866,650,1666,2144,289729,332,1717,43352,4502,63691,825,2047,11744,201437,8015,1014,11463,1949,1381,2786,2982,14358,3517,4767,11088,13793,1480,2152,313,2460,737,6144,13231,2952,386,21434,835,8072
SRR6784539,cfs,830,3044,11099,134800,6283,234166,15453,26098,2788,669411,18140,16098,6954,492549,68985,5254,146893,1279,137907,36424,95806,15297,12892,383918,239792,688430,827946,783304,2212,2025289,4654,2934980,17638,143778,18885,9662,82601,5955,21550,9749,20387,15865,166313,6487,22969,4402,388477,53380,33572,17668,223355,28226,25703,7547,36516,9885,32797,7268,8139,19026,1043645,322484,15288,419697,53052,4210,5869,6311,3436,9109,117238,10679,20058,9670,22783,3887,1529003,18016,106121,74540,227733,1061103,4100,7945,7875,513932,8914,721443,28745,869598,113713,87258,379723,5712,28196,385827,33692,1752929,24309,968599,11258,15938,304748,25113,74328,34234,14396,86311,4014,1527,10986,41525,957,7954,1310,44923,394221,64183,600,6794,2689,3651,25491,6303,22701,74702,929108,205264,11668,11495,99091,678,219,13144,20576,90079,37572,269555,115369,3651,16047,106539,9958,18896,6738,4341,34080,1610601,1881,13823,269666,34389,134802,14650,11386,64064,1377208,50495,5565,70455,8965,9173,19022,34518,19665,1115719,2361957,31449,19555,11021,23129,5829,263484,6106,33793,146406,103073,5457,1578,1849,31661
SRR6784521,cfs,2951,2380,382181,689630,71429,95406,566,6768,487,557840,8835,21223,48733,283752,43056,40903,151271,7847,10643,790,4687,1058,24277,103227,118995,843429,150064,1670772,5655,4397509,10101,6261199,44054,357300,44107,19339,193636,24869,28645,21565,29684,21198,110636,17029,54955,7322,761352,252330,53183,18722,391003,28012,49924,18804,122984,44521,93781,15156,15604,31421,1635773,553531,15213,974848,145671,11590,19290,15078,16506,28771,274640,35207,90658,13074,7468,4781,57339,3669,7807,7137,12256,37679,4693,4619,35312,155907,2794,118862,16241,29426,114384,35098,15193,1435,7466,51224,2486,22021,4222,37504,78136,113576,8662,11823,1532050,67226,8753,79592,83680,36619,2992,121855,2178,117318,13372,67042,27742,4139,7991,17998,10274,36509,5081,4037,12743,59066,83572,38833,2525,2388,7520,114,273,15823,108426,461429,225208,149873,152589,10218,22757,188304,23940,32214,24976,3336,6349,4557747,12530,75844,771001,192727,29213,20715,34203,209490,3825832,183221,22067,230439,32590,39946,68975,62200,131582,18011,19502,49471,31166,4323,20099,4895,13940,144463,30481,116467,11500,41267,7100,7418,31816
SRR6784550,cfs,909,1786,299,8823,255,7027,24985,25415,4871,43097,2735,5885,18739,5966,913,11838,18844,4567,6000,4779,13559,2055,110,16450,7387,603771,73966,1047782,10038,2508985,46724,4366625,23304,224824,29768,10855,183320,6820,10342,130325,23454,16808,146443,4173,27655,62467,172059,8644,4552,19442,293775,7362,6537,10229,78224,26480,53773,11494,13832,18958,3334486,251180,7533,618926,206805,5615,7436,8611,7624,13836,89789,3079,22977,11144,5685,3789,50377,632,642,2315,4146,32495,2006,4297,14698,90563,1387,24224,5516,165608,22234,6040,65266,512,223,1948,527,1063,815,1543,10662,14377,17944,4264,82027,9600,14948,2609,686,122,463,4712,54,2652,169,11060,3974,293,33,1056,98,415,2032,3671,1598,770,12428,19869,1241,658,2601,42373,5958,100684,16226,72733,13099,422307,101111,11984,28622,531003,60256,67202,23138,1887,10856,3574021,23758,65616,552997,79787,743266,18407,49358,148204,2433945,113567,12714,170027,21345,17545,37972,32417,29730,31242,56543,1773,1208,470,965,195,6898,547,856,5297,5412,11357,316,535,2931
SRR6784519,cfs,12787,1351,2119,40850,1601,44890,4781,2895,722,223772,21058,10394,10552,8544,846,109899,95757,1901,2250,2853,8288,1373,1051,55726,51553,126231,453208,425937,14216,848854,8820,3903398,23083,94312,14735,11655,74434,228610,4341,3724,15171,5386,46799,13512,529265,17253,275052,65169,16506,934406,240485,11772,15599,22324,21873,52783,14550,10961,10815,54925,21788,182834,5349,1055404,254949,9835,20700,18552,13884,31147,160566,15594,12729,747330,4395,6155,25057,4837,5947,4898,9219,19593,22296,4145,30049,165303,1700,122668,11431,6121,55318,11584,53283,7184,2305,13776,3172,60241,3765,5637,3956,4601,3982,2867,39770,21703,2649,58276,109879,6678,13623,289934,4469,101796,3319,9514,23982,5184,3944,13838,1353,5977,5286,10814,16748,2348,114506,215345,7409,979,3424,68421,8461,140837,57041,28134,139002,365978,108454,12270,131163,26864,5381,16738,2171,6159,1895,1409835,9638,24309,1085981,81000,743578,4485,24320,68828,849894,29598,4183,45168,7848,4671,10929,10368,14200,157325,264049,38184,9400,3968,53372,8108,57123,66529,42583,41925,5573,3513,2313,3681,11418
SRR24907926,cfs,11450,590,132137,165635,19529,48533,115,1232,168,152972,1522,3180,26766,64946,10377,5438,58517,1997,1670,227,3417,980,374,21470,9803,339914,41204,638476,15061,1024959,5253,322023,8676,49598,4311,5009,8536,7718,125287,3308,84329,37822,25203,1226,5637,2456,49812,4181,806,5345,83679,2551,792,3478,13985,6817,13165,4580,2256,2374,141595,48200,2944,102607,14174,1030,1060,994,860,1878,34217,1500,11784,376511,1671,1150,4343,2128,1040,1690,5450,9602,22401,6907,1780,60822,605,51408,6814,2010,15390,5278,14351,3906,570,3923,1186,780,1511,1946,2864,3979,2231,3538,35955,7678,1338,13036,69220,19046,1579,76325,1033,63545,12395,7113,24299,3907,24,1935,820,718,727,1180,2802,318,65019,41939,2825,2738,1379,0,25,3993,6897,11634,32506,122875,63597,4122,2257,60598,10668,19247,9081,4127,152431,450780,91606,11118,115952,25013,79736,364419,6800,26680,405639,16053,4203,24358,3346,5112,6782,7678,10553,68083,115729,3816,18103,2376,30226,3825,21365,32048,90408,29583,1540,1743,573,363,2565
SRR24907940,cfs,1806,306,17666,24015,2915,4649,38,303,87,263,320,378,1220,640,179,184,1635,510,389,14,429,130,64,4195,2327,79053,6344,105028,9247,300887,4490,502223,4908,75307,7941,2211,3130,299,1293,1494,3309,2227,47489,1577,1967,634,80270,12284,3222,11851,65693,2541,1337,1091,9516,3005,7435,1135,530,4624,33573,19103,328,85130,12291,1118,1686,1927,423,2316,17660,1635,4551,421,1853,1016,3586,237,288,253,1321,2879,3802,2084,2900,18809,155,9528,893,585,6027,437,3803,622,96,526,178,21498,247,435,1147,1737,351,755,22719,4460,443,2786,10751,2196,447,13823,226,7340,1475,4681,1652,193,986,870,957,3098,203,477,6011,1409,4643,4466,480,218,547,0,8,2586,2147,4438,7562,530,9781,1875,350,2037,338,1492,969,195,564,292596,219,4258,26133,4780,1709,574,4160,16050,268835,12339,2192,22805,2405,5798,6773,4352,197818,1088,1608,262,265,123,1519,168,371,12,414,1730,247,2843404,713,161,392
SRR24907818,cfs,1565,61659,7545,26188,1841,3446,2282599,69865,82891,1614863,5257,1633421,45538,20611,1071,150287,430899,137994,4784,39,6654,1233,60948,94702,1333653,169757,429532,199943,1612,672984,17637,812608,13923,470438,47493,8288,674903,3796,4699,3117,5931,2523,20524,1307,71083,2126,41539,1894,1007,3377,77562,1479,1365,2638,26898,667,19726,3401,1112,220,13694,41858,1875,28424,279,62,58,351,69,28,21596,1138,28708,874359,4974,272,5634,3823,6895,3599,5907,11459,4034,1894,545,627703,10320,140684,559962,8660,1565908,21431,1094356,458,3000,6576,3579,151463,3197,4966,9059,14690,3066,14416,68287,71658,91326,35597,67225,5867,3640,185717,1677,68689,4151,51104,18946,956,4917,15375,6241,19773,4255,114306,22171,19468,34102,43882,1650,3165,3726,39,1972,13857,33246,112306,2339904,287023,16025,16923,5154,315558,65039,21790,3097,407,3433,871153,1356,1904,78684,17192,3933,3494,13200,43835,781335,33706,8305,61725,5569,12964,17389,14322,18956,3719,12127,17996,2684,561,2812,1699,3078,14766,43379,52718,59284,4749,4176,9999,16672
SRR24907936,cfs,1104,897,368,23126,876,2368,99823,40555,28712,204124,50587,170691,25189,14077,1227,9890,41970,16622,1814,8666,70629,8773,2776,39289,18386,803693,60407,758664,3385,1600484,12939,1761139,15967,17824,557,5449,15155,8951,4762,8063,13893,3950,77878,2259,10543,3711,187476,72262,7880,15244,178317,13790,6116,7535,154281,18872,111155,7468,5295,18235,25921,478176,19257,580814,71483,6460,9660,14350,3926,8688,61895,4349,30185,8300,5253,3109,11428,2097,1566,3894,6778,15492,2789,14907,22735,250215,2584,74258,4880,13524,38002,40657,40571,390,2435,4330,1409,26586,3591,4277,26420,32773,2843,6217,144137,36154,3007,47767,61299,12883,2739,105615,920,66232,17704,28590,11314,861,15655,39529,7845,27795,2909,4733,7320,94943,36417,24806,401,15022,4336,7577,9219,59949,45029,81236,58235,943102,398545,11486,2470,16556,448,75415,16454,86534,5618,2151496,1802,18796,207022,43599,10585,3122,35857,137437,1957465,84652,21271,118013,17739,26040,45126,43437,15489,5907,5708,24978,19026,2180,4691,1330,3583,245,4991,10749,4542,1502,8072,6895,5994
SRR24908017,cfs,2496,1605,1107554,1297961,157969,275648,250,3792,311,954954,300959,222596,17275,439570,92978,10684,239963,23898,15113,7828,63935,11017,28,167710,29995,720394,278874,736365,4102,2409846,80196,5237022,35270,31799,2124,23374,27997,29634,15110,14295,29224,15706,101072,18160,20221,7261,511217,152758,28793,24987,317745,17048,18842,7426,60273,38633,50502,11746,13083,37187,1259639,122365,4986,977831,146056,12253,15507,18825,9989,20883,361807,29694,57168,12192,5534,6336,119300,7395,15232,10707,57798,117748,6004,25509,34595,350805,3672,232569,33862,39771,113272,46361,155044,687,5640,17405,11966,6110,10370,11479,14904,17889,12278,5930,152269,112050,19852,525594,324537,30128,53027,850297,4986,324588,45593,81634,207029,23945,31476,32706,37980,102715,7480,14059,74348,523501,391566,157633,1100,11871,12371,6,290,10146,27296,54023,186109,448456,136657,7621,8527,310250,48009,64010,40699,6805,29031,2424200,7253,57641,178531,39210,997330,14499,32285,108210,1901007,93316,18692,138346,19729,21983,35182,38378,25442,273454,527211,80760,227194,17906,14855,2661,68029,972,7792,45203,4212,7699,26125,10893,15752
SRR24907840,cfs,31,13,132,3907,219,3399,3,52,58,96,34,399,31,679,0,322,495,0,684,4247,28551,4350,261,9494,9019,7267,5023,26897,156,25978,125,1063255,2396,869,52,5,1895,45,243,141,104,191,2885821,10429,1742,215,12425,0,0,29,1545,326,0,0,0,0,0,45,0,79,343,5819,0,4646,2,0,0,0,0,0,7591,0,6,491,1107,5538,233633,317,393,924,48351,5781,343,4987,44,7532,59,16115,5183,23348,15280,3651,25606,18,178,1490,158,428,675,869,4190,9858,4514,1130,4457,5959,3306,3386,121,0,340,2998,7,841,11,75698,1482,3,0,1066,21,595,573,1585,299,5230,11509,20356,73,739,20971,0,29,954,12249,20566,7228,544,1904,0,19,1249,18,1267,3,0,131,440,151,0,2124,2,363,64,142,438,1886,0,0,3,0,0,363,46,788,16733,31589,476,16107,1557,586,164,3825,567,799,2646,983,9,22,64,1233
SRR24907848,cfs,88,958,27,2375,159,251,147246,35345,26502,64831,1217,3035,32925,12117,1819,1878,154939,932,579,0,385,138,106,18296,62426,51204,19399,42953,365,231755,1424,248126,1963,2926,140,1350,1932,480,910,1366,2078,636,15885,486,1412,326,20080,4441,1036,1073,34303,2651,517,698,4343,2360,3278,456,431,4078,3192,35490,2677,78158,8621,1093,1295,1705,624,2268,10807,1159,5823,769,579,739,8589,434,544,746,5383,6880,315,1240,2216,27162,1215,20804,2792,2792,70932,3365,5378,24,1445,879,188,213,918,763,885,1549,1898,1489,14234,5276,1270,2579,707,29,523,3363,36,1368,94,5203,1601,137,8,755,27,459,1249,2944,1880,913,8486,8292,92,995,3663,922,1113,7533,6579,8970,37793,85960,39124,1707,895,35090,4933,15562,4344,3531,662,113374,198,4305,14764,2508,907,1203,2712,7598,120199,5365,1110,7797,1455,1492,2493,2379,1291,464,622,462,2487,919,508,137,229,39252,89355,29421,2973,1297,215,1180,1443
SRR24907857,cfs,3691,10331,159180,202031,24837,40968,155143,15645,8973,459472,1108,235724,20606,7255,1246,15747,73518,63311,5074,2677,23093,3909,489,72227,16003,812798,77611,181694,1945,1473788,2150,5161994,9090,18146,751,4575,25812,1574,14656,15882,7809,5428,67463,1323,17382,3132,60261,40,1581,11510,187376,4202,345,0,932,77213,6811,2022,3466,81190,23353,810287,73118,1939492,252349,26336,51958,60215,23211,46231,23309,2051,28478,1472,634559,14113,29010,3852,3061,2654,16796,40489,7855,30849,68049,362432,3581,107952,40787,15498,138981,9329,52464,1076,5313,7343,2298,179674,2709,11421,17211,31584,7572,1843,53422,179246,13620,21934,229242,52254,6630,429537,3787,169252,32686,119743,46940,8160,77167,231256,47901,187295,2880,6335,37831,10821,96152,44595,1418,7177,6749,0,57,21410,37631,78893,223235,5074,28218,7353,34556,14191,1437,828,4010,8,5681,9864,133,7574,33640,21704,10562,4803,3596,3070,99691,25,0,161,147,148,530,46,17513,9010,20979,2752,12043,1869,3321,1672,2849,4838,11114,37093,8195,13689,45728,41761,13756
SRR24907831,cfs,383,439,575,2836,185,598,15560,3530,19083,151775,1638,14523,3170,64182,17388,11893,50848,4316,716,84,1042,418,491,9252,6883,68008,31325,41194,1411,203598,3504,134792,3551,5530,55,1112,3011,7878,995,1287,1080,659,35948,229,1797,634,9018,126,428,474,16213,364,399,4303,2088,2487,2369,1808,135,2400,3235,29057,1985,65063,8791,906,932,1114,892,1631,3968,162,10368,248427,576,599,3026,564,428,543,1714,4293,1056,1544,1854,32317,297,10997,12693,939,13036,1623,7945,118,177,1100,117,273,345,743,1591,2475,684,595,7773,6081,1500,1975,1551,56,432,4351,58,1577,87,13890,1468,82,1098,4658,386,1170,296,3308,9047,2502,5675,3720,170,676,1315,747,881,6705,4341,10731,15000,32084,6825,1966,2301,40575,6192,3780,581,192,781,74107,926,2838,173694,17572,335,795,1871,8687,68716,2463,480,3403,526,732,888,1369,1408,226,566,1210,1265,148,420,132,210,5623,14069,8289,2796,249,542,637,1287
SRR24907847,cfs,7969,245,2509,8583,534,1363,168125,198302,18065,119300,2557,19948,4205,68274,10641,7708,45182,3626,703,15,1006,165,204,12236,7703,51155,24457,47817,522,207577,3353,401756,5263,27393,2740,4040,8827,103,1424,2456,3051,2446,117043,5344,32573,1116,63198,12096,3234,2766,26841,2873,2150,9106,877,1641,868,3146,3051,1112,3432,83550,5890,36181,6905,567,530,533,356,823,85271,5238,3318,42247,334,1240,3710,597,484,846,2313,5094,16203,755,950,18542,546,25933,1973,1426,11113,1178,12208,3016,242,1590,356,375,810,1238,1783,1931,705,479,16595,9224,652,1168,11053,937,2357,14929,327,7376,846,3433,4771,596,2532,2060,2303,7236,443,1094,1876,439,14323,19444,2228,855,1695,1220,1602,10988,3245,5917,15123,69696,33022,3676,1472,13968,2210,7787,1140,3477,1421,69773,319,534,341820,37266,489,619,2324,11396,48610,1476,192,2618,323,554,565,604,3052,12355,2999,4858,5567,603,15811,2089,5886,1774,5011,3410,688,711,1758,537,1165
SRR24907822,cfs,5909,421,39468,50192,5992,9979,58680,19810,17484,85827,962,11949,11164,25221,3949,5025,32115,1857,758,534,4406,846,0,12981,5336,51557,16844,63235,351,152480,1045,524996,2687,2915,122,1523,31617,5669,883,1496,5386,2818,40483,1301,478628,917,49860,8119,1970,1373,27850,1292,1377,914,4518,5570,4489,760,798,7877,2513,67643,5960,185963,19635,2142,2268,4585,1401,3616,20196,1153,7991,685,3425,974,4933,636,852,622,3180,4388,11914,1203,4469,33995,467,29185,1307,1318,8950,2218,8472,2124,134,1229,732,494,479,1014,2799,3471,1021,1609,81174,3945,871,3940,1866,19,224,7724,108,1786,101,5109,5808,852,30,804,93,277,613,1491,693,105,18370,20745,1707,489,1206,1126,1347,8643,5149,11190,5794,22181,11920,1198,565,2992,273,3746,508,1538,556,149838,1609,704,16877,3970,864,747,2752,9492,144636,5964,1483,9219,1421,2231,2794,5567,2951,1615,2037,19240,1266,218,822,239,1011,1565,12206,5327,767,527,339,446,1165
SRR24907844,cfs,3504,1205,7013,38852,1445,8277,5158,2299,7437,123655,12500,36940,15190,20395,3181,4937,138447,8840,2205,335,4267,661,12550,25541,47278,43509,28572,36740,466,129079,3298,346332,1862,2921,82,891,191817,131,1343,539,1472,806,58817,852,54181,750,29260,5745,1090,844,30936,781,877,678,2762,3262,2140,445,349,3341,2572,11566,317,78623,11906,1498,1110,1699,906,2565,10216,584,2374,612,621,1190,3258,1865,817,1244,3732,5856,7804,1350,2590,39588,83893,57900,99602,5943,170114,2787,54892,1255,1141,3321,1881,820,3079,2556,554,754,2861,1149,12144,10208,42318,77374,18836,3042,1545,40038,532,31131,2235,4972,9873,1321,1720,6406,1357,4344,707,3245,77700,72345,43233,74884,1524,2082,1458,1165,1486,9413,5984,11174,75146,62551,24347,747,824,24131,4257,9097,1672,2058,576,76198,76,601,9738,1559,1438,409,1466,5184,85166,2909,822,4955,885,1046,1800,2611,1905,29494,54445,30817,25663,7162,8611,1498,30099,15419,15475,47689,5622,1054,19827,1652,3851
SRR24908053,cfs,4878,696,53939,78682,8917,14537,95,2828,288,122245,2268,6035,9452,7847,1577,65244,51212,2561,962,321,2996,687,524,13074,4621,295516,28886,264381,1252,1305844,6333,2646216,14764,10900,746,3705,9780,5338,787629,4984,3514,2975,84953,1260,8955,1262,49346,2927,2062,3607,121710,7567,773,20467,5500,29420,3154,3949,2725,29801,1374845,34707,5419,838676,140872,19854,18964,17800,11339,24238,31464,1687,10911,12094,1255,5401,7195,1322,666,572,2920,5663,10475,5781,33498,59528,1388,29658,3474,3065,21173,2623,7328,1553,861,1343,1019,21479,987,1188,4363,12398,1047,669,33070,20247,1310,6040,12600,2331,494,16596,340,11693,1816,30602,5279,601,6605,2904,6053,18878,470,1335,843,284,14995,19383,1112,883,1590,0,18,10980,11229,22835,28615,223373,103013,7232,2131,24598,3802,23748,4332,22636,3178,139551,724,6726,649875,65149,14642,2270,4085,18670,151305,3345,422,3994,914,1120,1824,1276,5896,12869,4240,40549,1904,765,34222,4041,9549,4769,8084,15281,2052,1177,4312,632,1675
SRR24907986,cfs,7,41,32,571,97,211,51,763,43,13481,465,1314,10155,1100,400,821,14270,495,76,0,432,6,33,2410,2125,242000,19549,83052,364,213479,1471,791151,5470,4988,222,3533,3312,246,1012,3515,5822,2803,71703,3850,2649,1509,217300,61030,8168,1932,39530,5503,4798,586,6555,2364,6508,839,1963,2868,3459,167807,7708,63245,8607,960,741,1027,1100,1685,49637,2306,4678,1889,323,992,3350,132,89,168,1056,3707,92,1883,1639,29526,164,12991,21612,149,1538,636,506,19,119,143,91,346,115,145,683,820,474,390,34593,1538,305,394,10420,75,444,48422,166,8610,325,6286,662,38,23,339,92,78,262,1137,157,98,1338,1603,8,62,330,0,0,1145,1406,2789,2477,66003,23146,1157,867,21822,3899,6707,3795,2508,676,154303,396,1741,20976,3572,964,380,2777,9288,160185,6601,1601,10135,1753,1766,2553,3452,4123,2253,246,120,212,24,6435,761,1632,19,285,1234,195,385,220,115,236
SRR24908035,cfs,105744,1519,606284,785520,88033,207583,88306,31154,24371,791278,3309,24849,29314,11871,1941,423871,235565,9747,14906,0,9083,3304,10964,173555,453978,984673,578660,537323,3654,1636730,129695,1567628,16710,27146,231,8321,1079741,2222,7071,11560,7541,5793,77155,453,75055,1141,57343,1007,1077,3553,115933,6020,1525,96063,12321,348,14007,23513,9974,428,15766,900527,45673,77584,488,17,37,114,885,161,43158,2552,43449,5136,3286,356,24735,10158,7768,13672,25220,28519,346410,10500,762,278788,5635,565290,408256,21417,844192,25288,243389,55222,2597,26219,6146,5713,12038,19729,23248,51587,15939,4485,134232,187404,29147,409364,5249,284,3109,45759,1107,21250,615,82806,75474,13615,44459,31639,40023,144262,10196,21293,105767,204891,253131,1184697,47008,13205,29107,2,124,8930,51228,98676,772077,1045045,296039,7243,8117,13056,2943,62805,13901,43995,3530,1049250,2007,39064,4952892,503388,5051,6298,33228,137368,625962,14163,2068,29008,3372,3829,5987,8828,9999,404338,448197,374194,146596,15353,200375,25139,438384,367,10600,27633,32836,2600,33614,9946,24710
SRR24907934,cfs,3393,975,30885,56521,5529,49783,17373,6092,20875,323661,2757,89660,95608,136627,22887,10182,132727,11654,2081,1030,8621,1314,695,27618,14920,220654,21829,195491,1107,682986,3890,718715,8661,11277,249,6748,5913,1232,284061,6187,5064,2644,32862,4350,3575,2692,55971,5059,1870,2392,78923,2929,2760,2175,19062,5846,17475,1845,3113,5406,13362,33688,1858,151311,24629,3282,3915,2868,2422,4124,75983,6112,25863,2600,1540,1303,8770,2443,2647,6532,5456,12286,7904,5244,7821,45800,771,54880,10387,2079,26891,6272,10233,1055,904,5360,1344,23206,3397,2385,6154,6319,2427,1858,50477,7049,1452,22750,22063,2527,4229,30506,631,25574,2221,15243,11917,1301,47,1972,434,662,483,1263,6817,36841,42705,40904,861,1544,1811,0,11,4885,9574,18686,25829,70652,42527,9774,1560,6795,2308,8381,1994,3875,2366,599315,722,10896,63273,9756,3097,1791,10815,37222,552479,26363,5864,44005,5538,9682,11714,11494,3908,234584,487225,21177,17573,2642,3758,1846,51603,22219,63475,26460,1005,6375,490,581,3343
SRR24907998,cfs,43324,3300,246,23246,1553,4560,19795,29108,4660,397810,16863,28055,35496,205818,29486,51449,298389,6774,1772,689,8695,1992,17170,73282,86134,821636,337124,425489,1217,1841149,93307,2876436,28094,128266,11763,8542,13675,8783,2162861,5564,259442,113980,153230,3649,25465,6629,199359,75476,8947,4351,245122,9010,4549,8460,20239,15444,14295,5610,7100,14192,74460,219378,7023,404869,65693,9771,11706,7445,4724,10988,77429,4245,39641,12186,16821,4120,51210,3974,2853,2855,18390,37514,78960,6249,20411,264746,15801,158626,127623,8590,145022,15901,103699,16063,5809,7804,1827,2473,2788,4655,9164,11110,13152,4840,57235,133236,29859,32881,124384,27067,8479,251544,2632,107567,18349,29625,22557,3465,38424,43959,40594,125836,3987,26394,2129,7933,59944,155145,12593,2305,10184,5964,7305,52738,20107,47076,224208,342519,140206,10422,6485,190533,39166,36268,6757,10510,5865,341433,14181,28289,402343,43212,32956,10012,8342,30719,371287,11346,2950,17156,4044,3009,5323,5388,9855,9248,11250,18652,5159,2171,19750,3302,19308,8607,112120,49702,8855,4155,116052,9576,9385
SRR24908055,cfs,12361,3719,118138,168560,16901,35012,124,2179,193,335436,67209,9526,98480,65786,9373,50671,135744,5194,3220,315,5124,976,76435,40612,68677,407493,27393,283788,3648,907530,13613,1208515,9498,11367,387,4575,252865,7061,4507,13322,6129,3059,35000,2048,33861,2702,117636,32938,5169,3657,110281,5036,5082,3567,28417,14042,20875,2694,2979,12965,169528,113266,4213,425402,53362,4261,6941,9761,2759,7301,40406,1741,29331,728012,2793,2405,5666,2576,1693,3961,3836,12774,25978,8488,12611,72729,2646,78191,288473,51439,239806,7457,74669,4130,2414,6205,1600,1106,2234,2896,2388,2514,2988,3860,51981,12640,31500,57781,32892,2768,3881,76856,1947,25862,2369,12277,14361,1359,8366,27337,2742,11784,1628,4666,73512,48386,35133,68054,3637,2723,2301,1745,1980,13304,22997,13482,217419,119289,57428,9681,2610,52944,9078,12069,2443,5006,2379,773196,1301,14837,83963,15856,42150,3704,13262,49046,781120,35045,8529,50081,6378,9372,14342,14833,7480,14343,27806,3304,8965,1437,6296,2061,5236,17342,35271,36788,5988,4414,4198,6314,7444
SRR24907824,cfs,84,710,603,4154,334,464,62320,63239,11472,11635,3433,1038,1692,2130,273,1686,3655,265,332,299,2715,538,3832,19741,64954,23524,21463,10447,89,48845,1247,65033,2781,85717,8762,587,480,62,366,422,639,497,1820,296,570,160,6203,684,343,442,3372,401,145,504,706,250,815,190,121,99,733,6448,395,4550,483,43,84,135,116,197,2256,299,1688,210,2717,127,1200,729,936,708,1027,2480,455,221,269,21509,70762,22319,78263,2990,133462,6020,114686,15,727,1753,844,337,957,987,298,506,1281,1017,10065,8604,33019,9625,6938,317,2100,15080,238,6599,328,8506,3964,238,1706,4645,1539,4630,1051,1748,4901,5493,6468,10595,249,765,840,257,266,1902,14180,3046,169092,7952,4140,496,293,1689,343,1232,299,457,121,28029,60,431,19613,2311,285,564,493,1852,25583,1110,213,1825,207,503,567,413,4294,456,644,1421,534,212,1052,453,1109,7631,18418,7970,6484,929,4122,1918,3486
SRR24907935,cfs,82,163,38,1825,71,346,1102,2750,1389,673,66,1743,1839,2774,356,1257,4157,2295,905,0,646,296,35,6994,4803,373232,10566,275209,6316,778280,5179,917490,14647,370600,33528,5318,62021,1444,2455,3333,8525,3824,23873,3384,18839,2279,111031,8856,4502,2316,94388,3234,2474,3890,24105,10237,24006,4097,2474,8813,13363,50351,1522,203045,27425,2409,2121,2647,2456,7011,41684,2409,9004,1385,1108,1604,19603,367,539,358,4434,4157,108,1996,5496,24928,322,8300,6874,15170,5047,1559,9191,2,603,438,56,12554,234,26034,2643,2946,936,2111,70018,1977,615,2112,55,13,233,1351,0,280,14,9001,1008,75,0,309,69,125,484,507,835,2566,6548,7155,184,471,9086,0,17,3719,4703,8456,4597,269952,123912,3994,1655,10096,1479,27522,3731,15324,2184,785973,4474,17253,91887,20823,5226,1881,15983,52219,828363,35680,8664,44315,10521,7326,14482,15918,7711,1694,716,264,15727,1293,385,149,1101,45,766,1706,294,1461,60,320,808
SRR24907912,cfs,5986,169,3696,10311,735,1996,116,969,172,163321,504,108569,2823,71573,12980,2759,56091,8315,1112,460,4518,1535,224,13809,6742,60109,26784,37606,361,246288,806,406281,3770,102952,10709,1752,1462,1329,24168,1727,1879,1149,9069,325,1443,1211,12980,815,411,3494,19757,1706,117,162,1627,3230,1901,301,372,1486,712753,20466,715,41795,6837,678,476,513,375,929,5311,286,3386,1092,2412,714,9767,902,2228,1006,7547,12675,12526,839,1179,47121,1274,35034,4631,2307,13863,2560,9092,2178,492,1428,618,377,707,1457,7178,8930,1095,862,10308,23329,1431,26297,16694,3281,500,23067,330,19134,2754,17127,42094,7904,5766,4770,5246,17143,1069,1806,727,13037,60216,22026,1935,810,1236,0,42,1596,12853,26198,24296,164645,61973,1662,1772,95074,16307,23457,4016,5187,923,40710,249,1534,7002,3621,1462,885,745,2256,53016,1818,405,3045,475,1223,960,1007,3219,8386,1816,8178,1415,325,18604,2280,5623,899,1605,7306,1518,2476,4041,855,1659
SRR24908003,cfs,152,620,38250,52703,5983,10369,180,840,93,31491,316,1388,3630,8164,1189,6856,9760,795,905,514,4812,664,439,7324,8853,434700,56953,313581,5056,548489,11115,1158478,11518,9631,778,4187,24341,281,6672,6934,23553,4191,43874,3124,68672,577,183217,72228,9468,2305,92658,9012,7266,3271,28437,8631,29297,3496,3845,5759,15159,177140,8324,186483,30265,2642,2891,3156,1546,3983,53864,3989,18129,13680,1121,1597,6169,1569,353,753,3522,6368,371,3359,5812,36647,724,9577,1959,5254,4372,1796,9865,24,183,845,188,460,464,804,514,679,1615,2076,45438,2381,588,4005,3168,45,201,12039,45,2640,143,3758,3282,440,18,350,64,294,606,512,436,212,9727,9480,71,546,2009,517,719,6047,1029,2003,3545,9954,28621,5768,2174,45663,2658,2294,622,1008,1314,1034407,6185,2362,95902,27345,331504,14896,15048,51391,872319,36381,8242,51342,7671,13062,14368,20719,11327,493,2344,1806,379,203,749,64,411,93,819,2437,406,1951,194,121,556
SRR24907908,controle,3748,3672,51677,113846,7856,43242,1539,4873,471,186799,1699,5712,24207,50001,12875,12225,49213,1573,4267,3138,14250,1993,692,24461,13633,665459,23290,163056,1360,567994,5281,791870,6847,57313,6828,3287,6268,1449,15265,144826,5339,1660,20017,1941,5010,2171,67325,1691,1445,2102,73907,1109,694,6118,7608,11851,33228,7431,16377,11879,11500,68354,1750,362166,40617,4088,4348,6064,3002,6579,41224,2374,20412,3543,8082,2204,20610,1231,2540,2064,5034,15785,4018,2621,8885,94468,6737,55787,9064,1069,34568,4061,17156,888,2088,5818,1499,44709,1303,2471,1424,347,1633,6567,24794,11045,1893,21625,55511,7254,10280,121369,2544,102053,5412,2110,12199,1573,3707,8752,6128,10600,985,831,50397,7551,44609,53892,1193,920,1818,8489,7222,52230,16791,3658,65788,50545,54079,4225,3858,101579,6365,10874,2205,922,5897,333175,5399,7443,277160,27035,3329,492111,5824,29922,324797,13900,2566,22935,2494,5047,6406,4288,7014,69864,177969,4392,13290,1311,10645,1201,18193,14733,5877,29986,1805,11717,4352,1796,2551
ERR911979,controle,945,1394,3784088,5524192,563933,868919,274,513,153,267648,51949,141381,137015,6692,1181,4850,29915,8069,154361,115982,63510,11188,412,280194,3827,194362,164447,153439,1994,132742,2858,1130604,3487,8233,141,1102,2926,285,4267,7832,3859,1051,147405,1807,2590,1631,37649,2638,284,1757,104917,6493,58,913,3606,18077,2776,915,27,9805,6552,154476,2347,645170,48163,3788,3516,2262,3557,8426,18810,76,4103,23119,158639,7835,521092,74593,65350,143311,147646,389373,3701,3622,7862,420608,377,959420,2138,972,12641,76155,7869,6920,34705,338887,2755,92975,52707,321460,1754,1582,10885,36477,277342,65866,6169,430872,207296,16280,51586,294257,4619,68922,12159,14932,246101,123675,38764,101382,33778,76389,13790,2472,18329,20417,696176,239877,5046,89916,39663,1789,1821,9934,13025,19912,564060,57956,118429,903,1075,14676,979,16655,1913,1179,2309,573381,1097,353,31165,3210,3451,5574,2129,35300,624988,6445,986,9623,1056,1774,2849,2279,24901,293050,624513,43912,72976,18269,92770,17786,102997,2556691,711273,492286,4883,11233,30577,28174,42421
ERR911956,controle,56097,18532,238539,265197,21281,53558,101552,87223,12230,3593540,195146,199723,885828,198999,35805,107909,432397,13305,43812,301440,80471,17585,9241,115976,55407,253661,890854,545462,6230,1253841,6117,4066108,17800,208102,11548,8060,1707976,297194,39904,16409,42039,12900,105789,7034,94123,4406,326342,4814,4513,16792,328837,5891,3142,21521,7399,28172,5960,11630,3011,31779,526958,287991,5224,1860254,110539,9106,7747,6808,13974,23647,163626,4650,29067,65568,2750,9517,94556,5787,6380,41876,30525,80053,103439,5210,19131,171546,19973,275206,209959,161232,173957,37957,76014,25282,1102,55900,34460,2094,16765,41570,8979,1718,8335,10403,111507,40932,26847,61604,115403,2876,21336,242399,4774,139846,1597,21463,90960,53115,17382,67942,6811,27806,10046,5828,15237,5367,193868,160816,31636,22541,11798,11467,10401,61607,23363,20377,225212,274854,467320,7156,301407,204600,14181,103487,8324,5187,694249,1510289,4514,20519,1408149,52507,9499,38448,8716,159584,1523254,11521,1760,15624,1567,3734,4907,5950,323208,42358,57565,60842,35642,7583,36096,7510,34819,39742,9395,61306,7041,68444,15196,17696,24989
SRR6784564,controle,17677,2843,76701,129735,13501,28348,96468,209991,40978,2597441,26128,80799,556246,538057,126970,49114,717565,9987,2310,73,2108,873,2777,41339,12253,199484,202618,252097,8178,1028937,13242,758425,17887,14644,383,7891,12757,5885,8194,6820,15693,4880,52479,4191,9011,3240,99262,4042,3016,9528,617652,3088,2435,3673,16655,13711,12689,6466,4481,9430,270499,150639,8034,377862,66150,3819,3829,2511,4086,8797,95233,5347,45354,582650,25341,6145,48848,2263,1199,4301,17525,40749,24951,4340,6894,218831,7431,71302,20562,2430,35411,7365,20769,6185,2307,6614,1416,1777,2318,4189,2951,2904,4078,5140,69161,37150,5029,60615,118403,19909,25538,191779,5026,141530,15258,12053,66810,15081,10181,17585,26994,34806,2796,1762,2921,3747,92928,46886,8288,10635,5053,15451,14593,75179,8700,10075,70031,701863,487701,10136,8547,299003,44001,186056,8995,10393,24971,709237,170768,19038,128790,12231,9358,28667,9560,72601,764404,30031,4039,42146,5013,9276,13257,10901,77472,10463,8013,2781,38875,3110,19342,2780,11698,489,3463,16603,2494,8475,13823,5058,7647
SRR6784403,controle,2372,10865,3199,47362,1688,27316,12582,29609,6029,119732,2307,24744,8873,55707,7700,20545,1189766,1919,3814,6376,15953,2429,9623,71786,146892,85628,32026,109408,6091,268294,1166034,515119,5143,63137,6463,2204,79175,1944,6230,15585,20030,7179,19176,984,14717,1581,34318,3783,796,8116,57933,737,444,940,7566,8693,5740,2727,1050,8473,101748,29929,891,296270,30320,3373,2893,3627,2736,5184,15912,790,7092,129860,5220,3613,25397,3346,2658,5901,10441,26923,2966,2036,6750,81282,339580,112635,334313,19531,700358,13433,94811,1027,4972,20287,9391,1761,4757,10484,18003,2329,2992,4851,23378,30461,24697,257320,60744,4311,10738,182657,6693,184077,2169,22477,19341,3083,23394,74463,12181,33830,3859,7524,76350,23844,103927,139654,2389,5083,5497,9097,7467,42714,95965,12886,494197,63713,35342,1967,4150,65327,8081,19499,1123,468,107112,321460,3761,2203,54787,5294,3531,215787,3923,28824,333378,12700,2005,19604,2430,4672,6934,4299,22091,71686,130455,20394,10396,2355,10796,3000,40711,32137,32053,49525,7305,4527,17016,13230,14155
SRR8556880,controle,32033,4777,8386,43391,2104,13256,9278,29110,3656,134924,34840,7758,6790,63400,7387,3186,33674,440,2559,3059,8673,1407,2099,33320,30200,110215,46573,164523,1562,272693,6175,609960,11902,73259,4533,1547,74987,1321,5129,5447,4184,2495,10068,1577,21754,516,66353,1272,1064,6069,58621,1864,736,1406,6606,4102,8742,702,1656,3197,129741,145028,2842,214442,11323,1361,1311,1446,1013,2369,37652,1036,8496,68243,1309,806,14668,2231,1807,5229,8168,13327,7396,926,2768,148912,27258,126152,234607,28269,121291,5083,105843,1410,970,5152,2212,37713,2321,5537,2263,864,2724,2994,19049,14837,5631,84034,152124,5192,10008,295288,3590,179151,2118,8305,16656,1224,7058,7285,13336,22448,1730,1502,676984,78771,48523,114708,1355,1900,2791,2068,1728,8944,17858,5700,119273,34629,34645,2675,1639,34286,3512,13000,865,636,211345,456732,2831,5047,44374,5624,2949,9879,3013,28362,416247,15150,1882,23793,2636,4853,6368,3725,72088,29761,46041,59395,11464,1017,24553,2602,16071,14458,5929,154229,1456,67643,7081,3272,4132
SRR24908040,controle,6991,87582,1462,8026,425,1708,6674,10996,1564,41659,2748,4582,1963,11356,1929,3907,10823,504,4288,35,1278,242,540,15000,21911,78524,20454,47156,5779,195668,5156,165889,3473,37916,3817,1352,3365,1107,6051,4036,3615,1733,13309,615,3394,635,25642,1974,943,2701,26994,1870,641,2515,2661,3844,3796,1721,1034,2358,79056,17217,773,61848,11050,960,956,728,1103,1796,8919,665,6669,13813,737,1827,3071,517,673,1008,2011,3419,7488,1621,2009,27460,2208,26067,9116,1690,30117,3493,10322,1590,1673,3160,794,531,867,2340,2196,365,1211,923,17874,4375,1378,5312,9012,278,2271,21199,809,13930,148,1961,2574,55,726,2973,1189,2579,856,2268,7414,2457,11015,19432,1771,2640,1025,3766,3304,17821,16520,1389,124784,58345,30243,1610,2278,52456,5992,13605,1714,1626,10142,181298,1748,615,125494,14752,169162,2049,4218,11690,118421,6213,894,8414,927,1632,2291,1759,261235,14946,5026,8698,3470,597,41930,4984,16378,1460,4177,24944,1670,1263071,907,1186,1402
SRR6784574,controle,56294,9604,202176,418509,36380,151857,87498,204568,37972,739197,133874,124503,221652,49351,6931,87346,234144,16697,12662,19892,53500,7512,10373,105799,43015,1836408,213005,2204095,16446,6782986,42546,7323228,122171,962141,87915,38577,85109,19110,2398182,219132,83354,40224,429587,25448,55380,25121,581800,26332,29561,43955,772065,26128,20926,72776,157174,109135,131078,33395,54998,97123,964714,527444,18722,2553399,341722,27853,33970,32864,37641,66531,918966,44825,220734,50848,142213,32840,169576,10568,12971,18378,69084,143102,83430,25413,57611,231110,11331,308557,27915,6153,83149,26307,63665,20894,6867,53885,3470,6380,9621,18679,7435,7717,4328,32750,313080,38777,7369,138501,140809,15766,28107,384633,16190,211359,10581,28673,85201,17647,24540,93309,14410,37016,5300,3344,159500,49259,190207,172709,28173,14741,15762,26579,21929,179951,21932,25088,349824,702855,977176,30139,12733,265254,46170,263727,19211,18364,55101,6793403,55043,138516,1116342,113856,76065,1941384,83659,581297,7354155,290366,44503,394765,41808,80505,134961,100012,45704,271279,392031,12663,201265,18850,178151,23787,143502,4661,16749,67086,3575,19774,19210,18270,13323
SRR24907956,controle,990,2086,36670,68152,6116,13693,196,1627,334,157246,554,33254,17298,27614,4740,19261,38943,4065,4214,1095,6479,883,13171,19505,46161,65206,40243,91949,721,263033,2156,699838,3802,22216,2356,2110,24906,789,2962,1902,3299,2083,11020,1854,21726,1297,86890,9339,3153,4459,54487,2927,2818,2507,8992,10004,5640,1988,1648,21069,18734,34612,1663,204738,37532,3948,3695,3460,4240,8325,22081,1764,12165,2309,1028,1983,13071,812,979,1854,2613,10808,1458,1537,8353,36334,4446,31724,4836,2289,35726,3143,7202,137,1119,3118,1684,613,655,1277,3730,426,2368,1352,20172,9340,1809,20788,18825,1862,3635,42940,1317,24160,1435,5167,7248,942,2017,7413,1801,3924,1851,3810,12065,10422,22266,16902,825,817,1262,2017,1676,13082,11279,7151,73736,23158,13121,1259,1430,22058,3039,5272,639,310,1125,229998,557,1892,96737,12474,48941,1871,3581,15373,192375,8628,1565,13310,1662,3239,3232,4075,5325,5063,5935,32817,18642,1437,5745,771,9286,12445,7860,30537,2285,3272,2113,1272,2194
SRR24907938,controle,12923,2630,24798,44793,3795,10724,13660,18361,2571,18679,3199,864,3007,1948,171,4021,4068,224,3619,1331,5086,625,641,12479,24184,51927,54809,22349,3358,136379,12049,223071,4300,37621,4991,1974,1900,1183,1478,4050,2319,970,7136,2051,1372,478,82576,4271,4393,1401,18202,3757,3162,780,1108,1172,990,885,1356,1021,198501,14956,613,30283,3475,376,338,380,361,891,32098,1560,6315,10342,916,445,7318,653,1614,858,3064,3639,3285,703,850,38508,12945,29425,25156,16819,63357,1626,19632,944,679,2816,3229,382,677,2012,747,300,996,1175,10285,5445,11131,31997,9798,780,4093,22647,764,21164,510,1482,4875,599,1826,4673,2461,4816,507,957,5330,7150,25576,39565,896,557,700,1834,1383,10136,4680,2204,73449,33246,19534,849,1128,25938,4197,7699,1351,780,3182,36766,14581,1995,37193,4251,1512,3109,833,3082,47739,1540,309,2021,198,314,713,631,811184,12199,12340,2500,4080,892,15853,1802,7412,13643,20867,12117,1128,135248,2109,1064,1678
SRR6784590,controle,46262,4107,229516,470192,44057,88456,919,22336,2899,1638737,6867,1334726,55508,657532,145027,35964,526206,99700,25099,9076,28230,4347,4694,116503,45905,628105,1934693,1351881,11365,5082216,15721,6311804,51938,1368141,130867,20140,51746,14018,2854428,24356,133462,52717,190368,6998,37768,8882,283593,10132,6577,18882,516444,15030,7186,18643,87452,112251,73792,18267,8471,93294,88128,320436,19811,2678344,360910,32184,36833,36871,30405,59967,182853,8352,107570,17956,11171,27756,46748,5221,8524,14651,23224,44204,66762,14010,66218,1018649,7067,256451,22262,3960,76366,27592,68042,16584,15093,35596,7697,3806,9288,19295,12103,15395,5938,15661,214831,42333,5643,196260,121882,8715,31163,242587,4951,132359,6343,27483,32449,4350,36903,124254,15367,53498,5497,4648,14348,31483,112358,168633,23303,14128,14823,25851,20835,199456,107451,36414,207994,1271051,1000440,26307,21380,797986,137084,366463,19800,19372,16951,3706897,8425,105478,561396,94040,35165,147124,39070,304724,3976974,136177,18663,215357,21919,40580,74143,94866,54567,131777,51690,18339,275836,19418,60619,8423,75506,143695,170965,123666,4459,59545,27639,24401,25637
SRR8556942,controle,470,473,26102,44067,5183,12684,20,603,109,41663,1942,3225,10355,9879,1940,1213,7711,166,4068,937,1638,386,257,5818,1978,23570,40984,33944,8935,141973,4960,85533,894,82808,2052,271,4095,194,879,2718,4879,1279,4362,402,1964,238,20083,327,551,953,21810,750,689,246,1465,174,1156,153,439,150,22989,20992,356,10083,321,39,57,25,39,44,12944,228,3317,15366,1867,17725,7066,462,420,649,2917,5552,1020,292,598,46315,415,11512,548,1127,17108,918,2837,87,1873,2765,353,738,406,1860,418,170,380,509,27801,2172,582,6096,19742,327,3925,38415,1159,13243,206,674,4194,470,5924,13190,1648,6580,244,188,522,1422,9088,5755,119,1076,378,732,758,4813,2485,991,6165,22829,12373,787,985,29504,3066,6290,148,204,2206,146846,13680,2768,12225,1087,74184,100289,1035,7909,106982,2683,334,3674,422,727,1166,1215,588663,13850,24762,569,2452,274,5248,540,5115,52,501,6919,209,3604848,2860,3161,410
ERR912047,controle,3692,140625,331503,354685,27479,60803,981382,2224317,142623,517405,14725,81897,101897,24875,4998,172388,40662,5929,32042,190739,105920,15063,167404,110353,242908,173130,42662,114098,1611,134539,4702,894057,3622,91073,5513,859,3953,3333,3291,3922,4374,913,29767,1536,2830,729,73008,760,787,2821,74761,1479,252,1033,277,6929,1267,486,734,7266,5431,56955,1425,547238,25839,3052,2930,4354,2880,4937,30311,916,4042,10652,15475,5289,15585,2655,2721,14427,7675,16932,6285,2214,5887,108141,24111,110866,1157503,111693,656239,28118,119346,2407,23035,30916,6928,1633,11421,16390,3591,2448,3071,6307,1486550,58690,28477,870655,8415,1637,4348,72915,2552,68277,693,32304,8443,1507,21201,69397,10750,39483,6488,6231,4644,6759,41684,40412,4925,15074,6814,1589,3549,7765,66526,18126,360012,65902,71953,2425,1358,55503,5630,15105,395,1247,2546,17356,1165,1936,32159,1944,2283,1979,1373,6346,73152,157,34,196,54,122,305,166,5231,7260,7428,3375,8152,2535,8259,2849,7094,169125,48415,53382,21872,3771,19277,17770,28152
SRR8556986,controle,680,24686,1986,10618,635,1857,136834,339025,28663,236160,15777,8336,17687,41587,8959,32405,49302,391,801,911,4728,783,28760,27710,39864,26933,125957,36941,626,94708,29166,235405,2606,59975,4363,563,12026,5471,1818,1013,1853,351,5239,386,4541,270,12293,134,163,516,19044,197,55,1190,1586,2186,756,717,247,2125,3344,13009,310,98004,5999,816,586,558,798,1271,6041,96,2153,36695,704,483,12962,4295,1501,4731,6699,6996,1028,396,932,41553,57789,54336,99319,3042,257574,3865,125058,191,2313,10038,1601,1076,1160,3732,4149,900,1097,5315,10118,10685,37845,35098,22105,684,3537,65167,758,80641,235,7668,13513,1231,1375,5905,2107,4070,4577,2735,23539,4047,33279,21956,499,5837,2127,4720,3803,20309,27592,7731,266252,32621,36743,686,1480,17772,1716,11304,643,886,809,83355,7169,1370,93276,6221,1618,2194,1052,9919,89161,2201,301,2797,235,452,864,853,2756,1182,2638,1468,1238,190,2335,383,948,11821,6026,18748,4117,535,3036,1860,3016
ERR911995,controle,1050,88653,507247,637248,57534,78999,215608,247373,34455,2433725,34833,246707,96593,755674,127773,556484,1372815,15653,17214,37329,18336,2783,4711,136574,274468,189627,145130,478150,19551,843088,1247721,1086408,26026,25089,376,4965,105281,1576,18103,60267,42582,7707,222508,4567,19015,3674,213045,2560,3555,9915,224032,3248,994,9965,32067,4359,7818,8062,590,5131,354382,380740,5728,420486,16758,1645,1371,2798,1803,3111,65987,3022,32861,209201,3093,3589,53945,3959,4745,29247,18565,45397,2827,2867,8910,228251,85815,207506,414562,6005,681457,38948,123995,1521,5050,91739,4219,3034,15951,33524,24012,4190,6869,14048,114511,119645,52851,172480,167310,9381,102022,285010,5575,336385,3095,40864,16735,5377,14621,35994,32528,57813,13042,19263,1357996,121270,97202,104920,5844,23935,11349,15845,12210,82556,308998,29474,926213,587743,522801,7871,19356,355666,45628,152067,7288,5811,100354,3462617,8612,2878,981634,40942,2193597,13045,11861,192739,2018721,18387,2892,25354,3104,5090,7775,7689,68158,9424,10956,11125,25098,4737,23680,6636,12378,365813,41373,333116,22837,167892,20886,13924,35192
SRR6784554,controle,2180,1105,63760,106440,10456,69902,439,2124,449,37713,777,86885,3899,4690,405,827,16610,4485,8432,19122,38546,5826,889,34974,13357,103767,35576,178634,2939,240295,4850,600246,6146,82301,7897,2928,23984,568,1373,2312,8077,3769,19133,3736,10737,948,198530,19342,7208,2801,67370,5168,5550,4874,15820,6785,12288,2980,2990,7736,4715,89645,3233,166682,23021,1862,1811,1248,1702,4213,45310,3181,2209,2732,8901,2848,15523,2322,3671,6057,9709,13610,3990,1768,4484,23894,2598,56067,5998,961,27341,10035,7339,1550,2111,31980,1223,1650,2922,8162,834,562,1180,4969,90662,15180,1841,36268,136277,14840,19595,329460,16029,222100,11782,5049,11168,1916,3866,8996,9223,14300,1769,1038,7510,11720,45265,37714,1549,11850,4374,7916,6615,36766,24268,4357,96226,24678,36790,1724,2309,9544,821,11483,910,522,3133,756016,1482,6348,275148,22370,83052,2321,9571,75623,761994,27238,5101,42303,5331,8092,12084,13404,4728,166233,248784,3996,23569,2645,140581,18064,85654,25885,30287,25556,915,1885,6573,2664,8281
SRR8556990,controle,1064,5048,657,3511,161,670,18990,55525,6662,249219,90178,20041,27294,28947,2778,65503,48313,859,4135,605,2489,422,496,10021,3921,25614,55615,56194,521,98848,3419,445926,1546,3012,37,1064,4955,1073,91249,1485,7963,1763,33039,1718,3534,355,37372,1246,867,797,40822,1445,873,3726,684,2496,704,2033,875,5801,69731,15770,301,185285,10868,1077,1163,991,1173,2475,33554,978,3787,2998,500017,4167,4107,335,410,612,1675,3484,1146,742,2396,34812,1412,9466,20333,379,20147,1882,19053,126,10031,757,152,494,285,235,275,84,283,1593,12075,1831,15411,7146,689,55,321,3637,112,3286,38,3595,1010,54,31,893,190,410,365,579,3249,649,3112,4529,250,424,926,1411,1545,6565,1340,1175,33307,30486,23244,662,3912,31184,3416,8522,275,452,733,68445,767,666,296789,19570,802,1625,2092,19340,59777,750,291,1572,119,255,435,344,1081,1369,529,3983,887,66,539,92,1076,114372,129553,47476,586,493,220,439,2963
SRR24907950,controle,565,734,557,3874,95,1409,39,1014,67,6889,10467,1366,5097,1678,492,991,3720,524,490,16,894,298,739,6257,2926,74057,21110,65319,5334,333363,20678,250992,4620,42161,4351,1881,5694,508,2137,5081,3818,2398,163257,1919,4641,1249,49458,4238,2296,1637,30452,1797,1534,13259,1814,2790,1524,10139,739,3138,5533,28756,1337,89579,10874,1264,2424,1184,1811,2192,16068,741,9960,4035,13260,2215,19016,262,3179,802,4605,5345,280,1051,4450,55192,2702,17051,3295,3291,20452,4755,3338,159,3984,807,142,1430,347,393,2380,660,650,1415,44554,3029,1580,2289,14809,2384,928,22206,338,18952,1935,2309,1273,25,58,2667,575,1091,552,341,273,505,6247,8365,199,311,2296,245,680,5251,1428,1921,16569,321988,135509,3010,13207,332622,56801,53400,3890,6151,180976,140462,872,2814,709987,67844,3412,2591,5864,27043,111108,2988,649,4783,215,1203,1398,1134,1335573,1729,5273,1396,695,45,501,69,526,48,533,8757,818,11545564,570,15645,801
SRR6784524,controle,13084,12068,17036,169572,26192,20401,1241,29020,2523,2451911,8762,83507,906292,30782,2803,33406,557816,14913,93768,145205,311528,51335,6123,893759,191629,579490,2673116,206151,5576,1315517,15164,1890074,8534,38956,631,4673,104891,31233,20127,4519,7325,7535,42967,2218,3503526,6850,78167,8143,684,8738,122399,1569,1594,479,3362,1695,1291,2525,1738,1301,1688649,96157,3324,140873,3889,905,647,302,386,810,53529,601,15811,22028,18853,16258,234466,72368,25586,53285,106885,308490,11383,17135,8089,850388,43551,923892,96616,37182,304811,240649,69553,6708,41225,775213,13151,24002,51819,67380,17896,5636,40820,34400,407512,285185,30465,46053,2419370,96656,337999,8447769,657447,1529970,36500,168119,238680,41865,100310,492505,27620,163273,52723,16294,25635,3231,512544,631323,9008,217358,70811,156,200,19448,49095,110607,452961,18075,66505,2254,11981,49404,1540,20171,1963,596,13622,39828,1664,3721,63630,5129,6255,40824,4633,12653,219267,1379,156,1526,987,2110,2216,1063,84638,14333,39686,378433,49156,32573,35087,11273,72656,6229,45466,269674,28646,26449,127979,146815,124865
SRR8556973,controle,584,15812,334770,554556,68252,120255,45,489,121,1831,346,305,1536,810,89,208,7715,6,15271,11480,47741,6239,99,31888,5354,71817,15174,77884,815,59687,1280,534817,998,5006,274,364,1502,244,2219,1508,1159,239,717497,6007,2217,133,33570,821,380,281,25691,4923,341,854,4214,881,3047,489,1326,973,3665,8910,513,57657,2749,306,285,450,220,531,7951,137,1838,821,27748,3403,21403,1686,3841,2789,9222,11503,2050,778,1259,25988,443,74546,38305,382,5921,2658,1731,513,5046,7286,1645,1339,1575,6363,168,235,1152,2939,16768,19628,2060,100950,120055,4894,10605,251709,10766,96405,5693,1869,18849,2185,23033,33795,28463,49964,778,847,4301,41283,59144,36513,232,3875,41094,15,32,459,1379,2802,95324,30356,20674,306,1402,31037,3367,8501,547,393,435,230715,856,110,44982,3904,1067,2117,2959,15254,236589,6776,1235,10583,1277,2455,2747,2379,1938,113565,197039,2476,5875,1938,20195,2314,35515,51928,42809,19345,724,450,15350,7171,4167
SRR24908049,controle,20748,8256,47029,76577,6935,18425,5279,9365,1165,73017,1525,13784,3554,29888,5889,9599,22687,1697,3202,953,5769,785,474,16083,9309,79824,162404,21801,2372,129040,88650,318353,1411,8238,638,842,3637,7371,220286,2252,2873,682,13012,636,2380,412,46378,3754,1760,2110,25375,1357,1385,2836,1317,2673,482,1556,1824,2670,9638,21738,919,77781,8315,1027,1111,1486,764,2016,9438,684,8924,1738,2287,571,13106,621,2264,1256,3087,8556,22505,541,2069,23697,6114,50365,59193,950,39578,2415,19202,5175,705,2643,2094,14463,925,2332,434,267,851,1557,6993,8298,987,64170,13194,1945,1196,30472,644,18221,1682,1493,2954,278,3016,7380,3895,7703,817,770,8881,38020,28180,46080,9989,845,1849,1349,1137,7826,8063,5249,61666,1588,5283,866,10359,7613,443,1001,462,76,897,37967,394,1365,127807,11945,30474,2451,1839,6930,30983,458,156,977,58,256,328,362,2842,10595,23364,4107,13467,2070,7093,881,14606,17304,15332,31392,1207,2051,3486,2067,2121
SRR24907984,controle,10146,119870,42959,116314,8311,32053,90459,164634,18260,595737,39436,51181,86070,137874,21583,21110,136572,5599,64326,11730,52784,7728,25186,101279,514647,117425,425093,76584,12041,439647,16033,516764,8895,25395,2451,2741,93477,24144,4105,150144,24321,15256,15245,2056,16762,1219,49262,3668,2264,3088,63026,1774,3587,8011,3434,6988,2030,5408,3975,6679,16119,41957,838,157127,24483,1852,2380,1719,1835,4792,28297,2992,8764,23621,3133,2833,45775,7525,8157,8346,45341,37521,10365,7332,5628,369728,250181,371383,346711,46193,1259331,23200,150096,2312,15477,24300,94874,5365,8052,22856,35729,3233,4989,2645,39208,55366,199996,349518,117315,10092,26347,325427,7664,448775,5955,31669,100146,19809,43842,81717,26829,146163,5136,23358,279329,57543,186095,503005,3948,5023,6142,10691,9624,62258,130596,15579,1541765,61521,49697,4602,3017,37566,5097,17986,3078,1816,512034,155410,10602,5926,417225,38587,2897,344413,5590,23333,143453,4255,1251,6902,944,1444,1805,1981,289586,76174,100042,122967,16129,4049,102002,11404,66047,63605,112862,123658,20195,3182349,23137,36734,11598
SRR6784591,controle,3545,738656,81139,151385,17997,60437,51034,116138,21424,809607,738624,293310,48577,401217,51656,26719,399459,22057,11488,488,4491,895,11223,132331,1053106,395856,138668,340998,7367,1933941,11614,3691825,18426,91221,6021,8169,55367,7209,918962,11476,29839,16754,142667,2512,256515,5861,140002,3180,1912,27150,334208,9190,971,4287,10045,92021,10308,12893,5447,79216,172911,131457,12223,2369373,347595,31215,25272,25214,33129,45616,86049,1573,21808,182045,20861,34736,13397,4902,6305,7216,13860,22810,4177,13672,55442,282144,219700,145053,168927,22182,2284090,48258,65143,854,254833,25882,11247,98560,5525,10142,36737,12856,8560,9651,147266,258856,39052,67727,446263,42486,70091,1049270,53327,787941,30591,81149,62569,12564,73797,70498,222422,306015,15046,30568,4536,2671,68664,86263,6700,10725,6086,18830,16276,116826,527388,40639,4362741,560501,313106,15042,12448,526248,55951,141992,12596,4481,659448,246375,6452,13842,197306,36446,188948,14148,8172,40548,389586,9824,1221,8996,1356,1570,2507,2276,1050731,86897,138494,12700,11415,6034,53314,7936,46592,60665,97286,505286,22749,67770,106187,32571,32993
SRR24907983,controle,67895,11422,257833,430517,48415,73694,85,2297,365,221766,16440,8189,19204,53748,14587,20878,54297,1838,22728,8390,37727,5223,3899,70112,27126,115383,247022,107573,8753,665862,40849,835099,8436,133077,16053,3112,22877,4099,4341,7528,11412,7435,31808,1932,9507,2455,63716,3869,1919,11202,83580,2811,1669,16812,7611,19794,13699,19807,4016,12123,327148,108239,3862,257895,51991,4083,3513,2456,3264,8041,31759,1648,13020,118198,3772,5253,17617,2372,3510,17570,8383,21424,89704,2204,7316,215452,6685,201266,51517,4321,87100,12613,97924,20041,2859,20161,2362,2252,3388,8119,12822,1680,4667,2991,46896,18812,4771,92299,95193,1940,22413,436000,13658,127249,1195,6316,25248,3485,31049,146968,7501,37197,3630,2678,115463,42373,107317,203827,23310,4950,4602,6586,6130,43688,39814,6340,80211,107611,90872,3800,3991,57271,6447,28879,3889,2932,2081960,160966,58961,16251,760337,70342,5002,345435,7706,47472,145160,2392,1160,4880,264,1332,1332,1315,1966998,17390,19265,20945,10797,2491,49352,6157,17918,14304,24400,19000,5251,8975399,22390,29002,8236
SRR24907892,controle,8914,1348,34108,64612,5357,41737,144940,220582,24364,200971,16839,3316,7549,69600,9571,39760,60211,1500,9279,8459,33902,4050,650,23393,9968,204935,33921,113827,7188,324648,5902,161904,13370,43284,4641,2256,40082,991,2887,2487,8360,4044,16960,600,8286,908,24061,417,416,8806,44157,937,276,6433,8297,2283,6926,3590,4794,919,116373,55223,2725,36044,4054,559,504,310,751,797,13028,577,6392,2006,2689,604,25646,1047,1754,2194,5360,15414,5547,2029,804,175933,1090,47175,4827,1047,15171,4184,24277,1333,1697,4740,1155,5114,1326,5286,3046,972,1047,3219,26816,20358,3053,63894,45711,6432,6754,100049,2285,67869,5140,2161,7672,959,8378,13427,13319,25784,928,838,12285,36363,41228,66552,1833,1801,1848,3388,2806,18251,6021,23972,46618,29944,22651,1729,1462,20217,4020,6928,1593,977,2708,334745,327308,29430,297234,35582,3304,208326,6650,33155,322894,13885,2516,21674,1972,4538,5817,5617,7062,82106,202089,22239,4873,1131,6597,1054,22624,40778,1916,142508,1786,3459,10257,3152,2930
SRR24908007,controle,451,801,33049,56525,5388,13106,201,930,114,114697,4677,3270,48522,1336,278,1863,23371,1377,6200,2301,9752,1459,5874,12935,3865,276833,15389,158386,1054,402502,2467,507161,4293,57271,7703,2059,67235,3263,2904,2273,10004,6025,22294,1339,12962,954,86437,7207,3850,19472,57918,1972,2219,3623,12930,5130,10828,2397,5330,4395,453218,20457,562,120286,16104,2437,1775,1341,1293,3388,21084,1162,4298,1933,5192,1306,24875,510,554,1490,4207,14720,651,1656,3116,20167,776,21902,2872,1462,8263,2100,5989,55,501,1248,279,483,374,1080,604,841,2529,3559,30105,1981,956,13370,8766,189,867,36719,126,10645,210,2038,9606,1402,111,1420,431,776,762,271,45626,6855,27681,14175,560,3264,1524,0,109,7040,1521,5304,5856,70116,51466,2117,1972,53514,5763,19754,4675,2152,1939,522703,1410,10204,89601,13844,5208,2627,6495,27875,442667,25937,4189,37156,4067,7480,10340,8630,4666,1059,3527,1570,1325,218,2758,287,905,4623,851,21687,442,2811,488,939,1256
ERR912079,controle,9474,14538,7883,10589,739,3877,335917,443887,55069,109285,59600,3956,11744,14374,1703,59534,1962283,986,5377,24930,7097,1340,4214,75419,399530,90240,201447,321342,40045,244486,1673577,476727,8285,176517,10463,2943,29084,4157,5981,2811,8108,1259,24305,5333,5599,4345,174471,3546,1810,1491,124697,2388,1771,5580,1356,333,1134,5047,671,323,9084,51562,494,54861,616,67,54,88,307,172,41720,767,13879,4884,13668,4474,19098,1906,3355,8723,11834,14673,6533,530,365,675153,47070,149519,79959,5636,1683905,20033,1848513,3110,7944,32357,28359,2616,6306,70253,32518,6025,4012,7337,124531,62116,796906,25790,279652,12727,29407,958208,15951,1242727,3803,52027,29305,15583,1873,19640,4515,15515,6375,21144,10830,6833,57084,60436,8935,4824,4976,14609,11122,61034,343059,28071,979696,12826,65137,3749,2716,13207,2679,30127,1771,735,49793,268670,129820,6163,600459,24395,3275,16682,3062,61941,349661,2111,526,2549,485,834,917,719,164722,2388,2601,7737,6322,1658,10036,4137,23070,72624,5720,45671,18908,1024942,6505,10113,14290
SRR24907871,controle,31626,106786,522197,609810,73798,126160,183613,250265,32524,695470,57484,129400,59375,14075,3521,172380,145690,12182,6437,1457,8436,2678,1808,79364,379307,253650,105691,202557,2043,669835,9494,1315768,14029,113509,13398,6831,227666,264501,6458,7331,8499,6563,40924,7826,38131,2150,177472,10895,6600,4549,109469,5877,6899,2372,15890,17355,17680,2125,10595,16455,37444,112657,4515,290093,47457,3972,4314,4937,7181,10214,103984,7513,14685,9583,21316,4485,27632,3818,2898,4715,15967,23241,33975,1829,8700,142420,7475,134926,22459,16097,189709,22837,55296,6220,8757,6974,12427,2482,2882,4319,6953,4985,8098,3663,58679,113039,14022,65915,188708,30061,33070,439414,2974,360773,29945,18789,97577,22581,46420,78835,58113,134160,4679,9554,27058,5072,175325,120115,14355,3267,6907,19181,14321,88596,69756,27214,750700,159998,43596,9747,11852,271546,25200,33947,3269,1921,4468,683294,2868,20421,50352,8685,3944,6896,9051,28448,594253,39486,3938,43930,4611,9324,12623,8709,7733,12694,14278,31871,4697,1442,21381,2301,13471,23809,35266,76652,12565,4116,46940,17699,10254
SRR24907957,controle,17326,3277,10433,22186,1746,7538,130,1769,281,115017,728,32732,12696,33831,7781,4327,29884,4731,14751,1952,9239,1162,924,12869,28937,134421,73650,132609,888,444478,3148,408881,4919,39454,4951,2234,3450,397,4282,4034,2863,2238,14672,1741,2973,1500,81853,7584,3963,1883,42209,2894,2321,1531,9153,5351,7924,2380,1962,5383,6610,102872,5109,126865,17527,2215,2440,2376,1507,4032,23587,2336,4692,2416,1163,1117,10988,1429,1776,1309,4096,5502,18779,1336,3010,23400,1254,50452,10431,2428,37124,2082,18807,3580,1818,2253,631,502,708,1169,2024,214,1334,1541,45078,3461,696,9597,13011,703,4296,26784,561,14103,490,3018,3081,264,2475,8892,578,3855,621,1093,56247,10453,15615,37052,4767,1075,1128,1595,1281,8830,8573,3696,38087,201030,133082,2356,2253,60514,7962,44909,4581,6309,1685,369822,1144,8793,35488,6321,3333,2002,4876,18545,327904,19506,2729,29605,3453,7425,10243,5122,4139,12981,25290,17793,2043,479,12430,1321,9193,5882,4776,32928,814,1919,1785,1884,1426
SRR24907906,controle,12778,23383,30752,59408,5244,14204,73384,89897,14325,343329,1453,30894,139259,39313,9899,6077,69799,3854,2304,2544,11499,1902,582,33287,7928,92309,28274,84489,647,296703,9703,403615,3867,4350,43,1943,2858,323,2432,2109,2489,1553,45195,2081,2744,773,61540,3409,2498,1962,38130,2328,1714,1164,5503,5838,5861,629,3940,6233,4878,32127,2002,158044,22693,2235,3620,3129,2294,4452,31563,3149,6970,4284,2388,1561,82824,3378,2426,3399,15767,48935,12510,1516,6033,28935,1980,79721,3302,2908,20927,6534,18959,2837,1153,5704,2112,4225,1601,11547,1598,1375,3295,4381,20866,34545,5590,10805,60336,2726,18724,136596,5321,76153,1660,4133,40746,8391,11621,14136,22970,42120,1776,3258,13999,2547,74135,38575,3349,2732,1979,17,92,2495,5331,7591,117479,568,6055,1405,957,6997,908,1138,1075,152,1005,230210,1399,5019,24879,6744,1158,1646,3423,12758,223690,10838,1495,15402,2509,2373,4056,3475,22299,9784,25435,29283,2871,675,3859,553,7089,29368,47578,35761,2932,29827,17758,5034,5725
SRR6784406,controle,102138,9009,442402,1009324,83514,316598,3485,18140,4974,772378,7917,148978,119750,632498,80519,24947,353013,13593,51532,93815,200592,28995,47583,161302,75721,720442,360921,1235296,37531,3188172,70953,11055224,58516,1475532,146257,20479,1253989,9007,38301,42143,67711,38657,853973,20463,126507,11923,998724,84344,35296,35616,513243,29880,29840,17722,58506,54642,65139,10118,10240,104903,71639,2584461,73444,2355880,295688,18713,30613,43666,9723,37562,244488,16232,57220,22026,27921,26241,40243,29382,15609,14891,28792,47783,151324,14907,65506,355735,8427,458599,367630,31651,694918,58548,530194,41985,16411,107664,7288,10543,21386,30232,21131,3042,4665,32143,185445,90475,17950,392920,151896,13412,30388,433935,11370,210160,8822,33967,29772,3827,30381,53037,75236,106887,7001,11165,179043,42285,229806,922587,52261,26499,22423,40295,32967,199532,120827,29009,262833,685911,269961,22851,67120,1350391,97046,187744,6772,5886,13313,2769516,10547,72112,612526,87363,29467,18999,32964,255853,3019460,100125,16928,148305,17349,29675,48447,82895,69029,1652029,809950,64472,146157,24426,93431,15687,1009362,30450,14465,152627,4385,131676,38958,15960,29925
SRR8557024,controle,1466,1094,72309,141390,13760,34985,74,1344,129,162258,10806,35483,11062,32049,6792,17630,27385,779,6697,2839,8868,1518,4176,28252,46488,27625,10576,82192,818,97669,1684,311786,1746,18296,1104,686,3189,17154,1566,15981,2047,954,5383,834,4342,247,31134,704,709,4673,40334,1275,352,993,3344,985,2660,517,614,1351,195616,18980,414,79118,4024,490,489,522,406,765,21176,659,1703,2060,2107,446,12200,1258,2519,2371,6242,10557,2250,531,1025,30937,27511,64564,17680,6461,108902,3205,22317,347,1112,6511,5297,1099,1528,4402,3689,302,1522,1520,10674,25342,3227,44206,58242,1438,6801,157439,1712,81862,629,3524,15601,1464,18051,12971,35853,54787,1011,1783,51469,15423,64524,58476,880,1968,1515,1477,1270,7351,15375,3394,180450,25805,12239,880,1115,30106,3213,6850,325,275,736,220571,707,1021,49362,4266,39212,3498,2069,15594,214971,6057,865,8354,1162,1272,2271,2525,1914,28186,46326,12953,3729,877,17732,1749,11104,627,1234,35620,1559,551,16716,2963,2489
SRR8557003,controle,1332,43,2268,3768,534,692,572,1657,184,10632,888,687,312,2220,660,905,1749,44,503,209,1139,124,648,1753,5567,981,1408,1863,49,5559,115,6778,77,1164,52,40,293,97,854,92,285,66,183,10,261,40,933,27,16,22,722,22,24,30,62,45,99,22,11,52,167,1114,25,3482,186,20,22,17,23,53,234,7,127,1497,24,17,635,69,75,180,279,624,954,44,60,1286,857,2653,783,35,6749,225,863,123,57,286,64,96,74,508,75,44,84,51,428,426,54,997,3052,89,409,6223,140,3107,37,307,1215,126,291,713,160,468,64,98,1072,184,2479,6388,113,134,87,148,115,637,1059,798,7162,1208,1647,30,79,710,75,471,31,44,1659,3760,34,20,1899,158,687,217,38,328,3687,96,23,125,33,21,38,31,749,109,204,905,256,107,254,33,168,1660,1066,1846,167,1048,159,260,169
SRR6784528,controle,1967,1274,2792,22228,638,16318,46827,95313,19724,97191,2762,5879,10747,8320,1805,37890,43245,3721,1728,5476,14374,1917,2025,19028,7009,206959,917274,563505,5465,906773,7515,2079960,17897,15719,1291,11231,21707,9845,16093,4789,31643,13683,85187,12798,13045,3941,1044339,56609,26835,9732,222570,17625,28582,7398,30773,5339,26549,8353,5064,5203,857242,62248,3038,185749,16528,1299,4234,1695,966,2449,183794,10972,11749,8426,27929,2440,17240,807,678,2461,5265,15877,2722,1920,3307,250212,2205,51026,8565,739,22701,8832,3888,733,1141,3152,725,129237,1458,4309,316,115,1805,5311,156217,13625,3579,37790,65680,820,22043,102272,1360,61935,852,11277,9483,1796,1908,3837,6054,7548,1613,740,259250,35810,24612,18251,1080,4477,5697,14579,11496,61460,3962,1380,18564,263929,333478,10990,5476,55432,4255,100361,8775,6303,6215,1981516,7052,11497,213138,24660,1215020,21237,21652,132712,1421861,55271,8242,82273,8204,14706,24947,21152,10695,63835,73930,2148,4625,763,85225,10736,43842,1419,2512,9257,333,3124,2967,933,3457
SRR6784579,controle,147021,86064,114731,246393,24250,84704,21478,54116,9357,981656,123050,63679,100432,537282,110481,99783,419378,8569,17468,61393,139774,19977,3027,87980,94908,420890,350709,545985,25575,2102460,17689,1375646,20531,230641,23580,10356,47086,5065,13240,85625,19996,10927,100138,4888,19936,5888,146204,5954,5756,10783,193448,4588,2376,12120,42086,35971,45539,8019,5183,22721,175639,238412,7343,615483,68233,6640,8617,6225,7585,14902,124464,6345,29728,591504,31431,42585,131965,6759,13123,13999,44525,118077,82108,10093,11234,1452182,8989,241681,54737,8275,107646,21067,146795,29107,9214,35467,36810,4176,7402,22360,6918,4466,4038,9770,143829,43606,13096,54726,366021,27193,32226,1295489,81266,373897,15338,14989,67550,14644,19157,75320,20361,38164,5386,3063,82044,13594,171255,378071,31417,4947,7722,44683,35840,204636,17113,24609,290813,324020,221584,29823,55034,321108,31522,91780,5514,4235,337943,2021991,6101,25839,424338,54576,97765,24453,20355,177794,1904760,79991,11726,122312,15372,21779,35311,24726,1902161,136578,212150,13636,14794,4709,110267,15023,121286,41795,40700,184320,2923,16402804,18607,19880,16163
SRR24907834,controle,5313,26226,809454,819377,108602,199304,32665,55080,7601,466324,49466,8519,18273,229064,38350,46139,134372,1356,5683,6484,22086,4073,3565,113535,287001,290683,258355,225555,6390,920191,209972,1374408,11158,28107,1750,5768,275326,3285,5331,5905,13988,9776,34358,2635,63335,2580,86269,4686,5116,5913,133720,5129,2519,4025,14302,19939,12525,4472,4244,35823,200252,71579,4606,490512,74768,8839,8725,7269,8371,17491,51834,3316,21826,143539,56874,5057,46927,4009,7908,5233,16563,30471,6067,4336,18913,333463,63039,181964,143300,10434,765782,16478,137796,1323,14172,21977,7505,171426,4789,15934,7106,3430,3181,4307,42322,32909,51385,112113,177798,12440,17590,477797,25729,194516,9846,22769,35420,4593,16639,57064,13892,32919,4492,18723,38442,39722,116899,88686,2100,4085,5405,5027,3987,33721,57843,10421,694117,86146,64593,4721,3993,59152,7311,23639,5380,2508,774978,577234,1803,5081,56850,11490,250362,3676,7971,27200,507016,22719,3433,32190,4049,4833,9587,13917,247794,18267,26715,8461,39540,6136,45057,7272,17050,102206,187338,144439,19829,38900,17085,11147,15695
SRR6784551,controle,1122,6168,85043,190780,16355,27638,1738,6482,2132,94572,31801,26045,14684,15455,1974,29996,58151,5323,14984,9521,24113,3586,27400,78311,532400,118539,27690,275463,18109,613035,519775,614646,25320,141567,16156,31921,15487,2762,182124,3774,6984,6369,33116,2060,21492,21717,87116,6948,2594,6755,230988,1811,2321,4205,20251,8009,18006,2718,1232,8650,11475,88831,2458,277822,27255,3233,2550,3569,3097,5640,30325,1904,17081,246073,4287,3321,31153,9829,2294,7533,12983,31675,2054,2749,5734,57205,9714,150869,2839956,4572,246853,17814,158924,1029,8100,21142,19656,2484,5949,5692,16923,2138,4947,7113,48796,48244,68259,99368,107786,19312,9480,302222,8393,217106,14204,52385,22738,3462,56102,170811,13663,71958,5184,5246,8549,22176,122807,305379,2064,3277,7864,26109,25698,114842,49310,10236,216126,132780,169339,4202,3134,21812,2095,56685,3252,2981,5141,1057516,6878,15830,141553,19598,10687,12045,20692,82559,1065020,42377,5702,67792,6360,15567,22464,12769,101498,5303,13322,165855,10645,2517,7495,1828,31900,2006,8100,34228,3612,7511,39930,32726,15214
ERR911990,controle,80236,6597,176627,128666,12945,33078,70750,37688,6930,691306,83269,17296,62073,262160,28399,216288,732866,2476,22004,350569,234222,30826,573321,81347,324126,113387,174123,509915,18869,566556,813866,4431894,12817,205100,13215,5290,1628327,104851,22023,20795,18186,6822,112687,9174,124401,3489,465814,9283,5032,64857,295437,15667,4436,3325,5884,23266,5399,3120,4087,19826,999852,443644,8624,1283279,89067,5992,6112,4178,6888,15617,178608,10134,19369,97403,21469,9262,93919,4690,9332,29179,33425,67270,11265,5930,12768,399405,98673,122709,213087,27548,579503,21570,992149,7260,28468,43836,1608,1199,12041,56994,1619,1367,10331,9693,58410,41634,3420,183844,254007,3524,51063,424651,7714,363241,1983,8789,36730,18267,9052,27672,16345,29539,5358,1838,28477,10214,118561,270034,7969,18435,7830,16412,13352,76933,5739,9320,160331,400457,429488,4037,6534,258003,31676,94025,3286,4377,6573,1134754,5882,2327,322701,15064,9161,24022,5479,77640,1143208,11092,1508,15818,2359,2687,4647,4642,440106,27198,27986,42422,27203,7555,58121,9766,37557,282380,95156,66296,2191,66396,11931,9066,15300
SRR6784585,controle,11107,7257,23288,77517,5356,31256,225,5097,955,756914,10614,23336,42669,442380,90399,103349,310996,4006,16167,16813,38686,6506,7447,82921,148234,235773,222261,585541,5031,1298134,19579,3030909,21751,26781,1095,9952,31894,16393,8434,8924,31647,8154,88815,14332,362441,4343,568006,30732,40607,26356,269435,22409,18279,8283,24857,50142,22165,6191,5436,68796,23581,320747,13498,1654103,196890,23169,20029,21278,18619,41755,183881,11846,60694,8562,3966,18287,47173,5402,5404,8204,25198,46489,16174,8210,39820,321010,3515,131373,21775,3701,172597,17970,92922,4877,3561,11416,26431,2995,4983,7085,8322,2264,4351,6651,89557,83849,10187,105695,122498,26679,18146,198222,4300,143088,21650,16231,75497,16302,24256,20837,71829,89450,5206,4834,49121,26347,114112,144869,5836,5094,6017,18666,15048,102817,29407,9016,256039,196050,267818,8270,3598,42421,7146,75073,9297,5542,6927,1200106,12980,12408,208887,19463,8807,7345,13601,109202,1350397,47442,6637,69399,7491,15199,23038,22916,22421,69296,110788,125658,10492,2179,52008,6294,55133,60354,72139,56980,4489,38860,31544,4509,13212
ERR912003,controle,16000,64043,57382,62744,3535,58142,13994,6594,1152,45641,101607,122397,13165,9731,1516,1371,25813,2978,29673,31024,7311,1796,7366,65905,15732,186356,110569,648148,4703,623135,3962,3308334,17361,375201,21213,11310,9614,7029,14928,14766,82919,21440,311144,25635,9455,2510,590965,15161,11078,5740,294604,26168,8507,3519,14540,12401,12753,1605,8475,15005,3528613,105862,5389,1115703,43113,7153,4872,5424,4162,9680,395373,14943,14676,73569,28649,14553,34175,10459,3425,16356,19498,27925,18416,3312,10213,174134,28720,168626,22542,1267,94244,17021,41198,6820,8549,39935,20837,40392,8996,43994,6426,1654,5095,5820,56999,80254,3918,34584,477330,16235,23131,1005264,15388,359034,9557,16920,71728,45718,84635,204075,46234,125533,6545,4701,70037,17781,169146,134923,8704,11428,5708,3072,3786,26849,44946,27257,175485,925222,61284,4113,15074,924027,113463,107428,2124,1761,4528,4630542,1919,1715,125978,13638,13600,111471,10078,146282,2860635,30129,4823,53861,5637,9445,14202,9393,14637,339190,864630,58847,16388,7681,19032,5671,86310,219383,13871,201546,2413,5883,57777,35040,15460
ERR912200,controle,229617,2873,370517,433444,33915,130525,127526,107191,16546,112092,6077,32167,21159,62790,8791,8912,15325,2850,8472,223954,156625,20769,192933,220951,666421,154125,304866,173938,9354,190938,5937,1135463,7493,140239,8637,2940,125772,14644,7879,11084,22394,5584,22469,4664,96265,1395,156301,3800,2508,4336,94306,5684,1744,3851,1472,2679,1318,2561,3181,3330,10016,177267,2758,191215,9621,1140,909,1627,1139,2289,118611,3693,7780,1481,66740,5612,407624,27428,59615,154845,173156,270584,117634,4241,4862,390486,141939,682295,96533,645397,920514,78644,39307,50772,38470,243075,2694,5132,36671,61212,10616,8028,14412,22693,55173,374466,21469,84549,146570,6197,19492,634665,22599,376242,3571,41662,265827,145634,94849,86758,299455,392695,20175,22821,200759,29026,640382,667019,32472,50813,25594,780,904,5574,79302,48659,512903,151366,60073,1504,3744,229899,26570,28904,1342,897,30200,279099,5416,668,318225,17042,86514,16207,3156,38931,328192,2197,465,3205,363,762,1417,1502,1601717,243558,624810,264713,68484,10323,47090,10147,210182,1276223,112408,636788,20632,164568,151858,18346,45444
ERR912133,controle,82288,124347,205135,164456,15637,86159,58422,46725,6912,656094,22698,8407,10255,480309,76111,17927,55835,2312,8441,10327,3516,643,222,46463,86289,61989,1036554,173438,9935,324421,3138,551020,7081,95260,3986,2602,18188,496,32309,63887,16916,2806,18736,3133,105302,1682,114528,2366,1627,3453,104673,2620,874,1214,4431,2093,2381,1062,1559,3734,67422,41081,1680,135729,6690,723,630,597,932,1859,63547,1765,5341,144144,4917,8985,22344,4155,3817,11159,12343,17092,103429,989,2301,297987,3261,130322,24586,944,43692,13968,12299,19556,5510,90874,19154,1097774,7985,33573,4645,1329,2496,3188,26593,30761,4764,46036,91995,4580,11529,204441,5990,62833,3097,9309,19213,9254,6169,20953,7028,14769,4758,3448,70012,34932,92829,241784,26874,25619,6057,2278,2041,15438,50907,11399,238476,207798,161751,2925,3584,139270,16097,43182,1167,1798,2296,592370,23957,7722,60790,4312,185889,2354443,2141,42983,523552,4268,728,5984,830,1286,1895,1700,377419,368645,518766,34863,22807,6380,516501,46616,218788,37676,8110,50104,3290,15400494,6486,5673,9406
SRR8556900,controle,14972,1296,8438,24009,1898,14247,2989,9191,1165,148509,4673,14496,4017,64703,7606,5428,31081,293,1759,2642,11333,1250,4778,11958,20347,39625,36979,60262,11219,164811,5184,168131,3354,33008,1521,471,5103,1013,4027,2296,6195,1961,4280,440,5882,207,32752,643,860,997,46685,1002,279,1000,2844,750,1906,390,574,870,98855,37955,605,51097,2720,372,321,261,260,511,10275,275,5246,10251,1058,5229,5433,874,1362,1446,2951,5433,17326,278,821,134059,1338,37111,2707,2678,29719,2026,8469,1725,1198,2771,3026,937,987,2271,1168,216,846,1061,49410,7185,1045,21351,56751,1102,10083,99164,2862,70410,596,2517,6940,628,10126,19781,4606,14768,598,651,5538,11165,30072,38637,1891,1167,779,1181,1014,5420,9449,1891,51478,23682,16999,1457,692,25180,3670,6400,465,1041,34697,205992,3047,432,23542,2769,96787,4524,1713,12094,183334,4321,584,6271,785,1204,1612,1849,628269,48321,58983,2676,11662,1238,44668,4044,21417,8435,2575,14175,857,3817485,5111,4191,1877
SRR8556918,controle,23557,674,228,4717,152,3663,579,2441,3501,165498,251,9135,53784,4352,354,3000,17235,543,1176,15,530,108,311,8680,10714,218320,78453,276141,641,311001,33639,1527750,3234,5644,399,1436,139746,321,1209,5392,6207,1602,53556,2170,27244,686,345934,12708,4243,2970,100628,29877,4289,1926,11550,10158,9691,920,4533,11049,5624,37841,701,654511,40048,2944,4176,3416,3717,8258,52456,1310,7199,1501,2076,1865,21826,453,1046,1340,4260,14838,4667,2206,8288,16279,401,19132,765,169,3174,1873,3266,924,198,860,416,577,570,474,1311,1100,1564,4035,32853,1593,270,1696,549,69,528,4496,93,1725,25,7447,1425,14,45,998,281,408,541,927,7558,1425,19562,29121,948,539,1637,1,111,1214,3536,4506,2359,152842,106730,2231,2623,104319,15934,37322,2204,2865,875,742593,1086,843,70454,8220,3946,3461,5413,43640,733078,25732,3313,38024,4077,8131,10922,7584,4901,12473,15720,9445,1555,568,19198,1718,7110,38,618,2425,927,2103,596,311,765
SRR6784540,controle,82157,3615,234171,426990,45875,77587,185970,398276,77853,68743,3702,50538,14774,28201,1146,22513,35869,3621,61650,44545,102250,17720,9979,404004,84576,323050,2716192,320754,2611,698942,281909,1799543,23610,107942,11760,13766,12451,1701,8870,165785,25754,14477,36874,21341,27291,4712,741752,45447,64647,7402,150301,28872,24866,2850,17596,8350,15168,1921,10936,8214,14346,167311,4435,329452,28530,3071,5081,3324,2061,5747,320929,20410,13808,8416,75212,5218,110408,26248,13040,26940,77099,110306,112631,7768,8196,720179,8730,607848,48854,32375,123553,74307,292918,33458,14945,49278,8780,10157,19029,52287,11188,16325,28326,23897,104989,158410,14541,288760,782941,55626,141676,2186576,134052,591023,36078,80455,186078,39964,113553,399923,15316,142266,29668,12183,14365,13256,421715,383976,41991,22929,162814,4140,3340,19946,31105,50809,175936,255901,153306,5498,14855,249374,39465,63589,7943,3100,33586,796291,4461,1115,137553,21792,10372,14970,12135,77511,922777,29663,4324,46304,5291,8138,13339,12152,25823,27231,33836,36866,45281,8633,60246,17824,30120,2466,23548,73415,14708,21307,76950,101140,59550
SRR6784567,controle,50093,8113,22006,83396,4873,31189,186,2165,488,79167,67999,5287,19396,14814,1255,22772,152093,1309,33128,16393,42578,5940,17190,67511,99782,110308,90479,115899,35410,625117,249767,387043,8434,33516,605,2668,18440,1695,16776,12708,18994,5072,29604,2371,7573,1984,123893,7304,4868,4916,61446,2987,2236,2034,6478,5190,4820,1903,698,6135,87253,42415,1109,203150,20679,2290,1898,1831,2077,4011,45951,1827,28843,31750,2398,2546,35306,5744,4610,10064,46478,33134,52044,2670,12829,501804,4214,207709,76273,5137,154627,10291,192101,13742,8053,25576,5573,2281,7300,23614,7653,1177,3706,5339,131241,22169,8684,432687,67681,5411,10538,234822,8463,89220,4735,22334,16532,2456,2569,11592,4592,9180,4051,3011,313433,157919,292975,351040,16755,8026,12140,5701,4314,29833,34847,5645,218944,217122,157325,2811,8436,153495,17773,70192,3334,5772,108698,278960,4362,4339,87638,7911,19072,41872,3514,32759,311216,10443,1611,16122,1890,3433,5276,3650,3068170,69882,104656,55542,55174,5036,44924,5601,60820,10617,6924,47213,2595,9296734,3047,4589,8610
SRR8556969,controle,831,20694,45974,77569,9374,18384,383,682,90,4485,201,2123,1127,1708,68,2043,151103,92,2397,1014,4687,1131,10857,11574,35410,18501,50710,8459,17143,83007,268928,38982,954,5402,11,122,5929,1171,13689,1375,1883,310,5263,742,2501,537,13347,42,205,417,10945,104,18,631,107,476,398,775,73,382,6093,14687,330,17002,953,67,179,79,82,180,11146,84,2887,1029,308,120,5959,752,510,1104,2027,6084,1139,210,3817,130246,684,27547,31541,28059,37764,1944,27530,220,1329,8501,5562,653,631,2070,1613,198,766,567,30201,4475,4133,24647,47978,3057,4820,84300,1015,65456,2029,2869,3832,276,10476,26309,2914,13987,495,2302,1223,11921,12670,33460,603,841,726,1560,1389,7785,14410,1909,114238,31921,37164,1137,889,12838,1671,12211,399,955,8864,10603,957,275,46538,3301,444,5796,490,3660,23124,110,41,249,16,55,50,42,775039,2226,5697,4705,2819,412,1896,464,2093,5153,6399,8962,1902,1094775,5896,5788,1559
ERR911991,controle,82113,6875,80206,89312,4961,29033,2098,783,195,374684,4853,13232,12552,272202,30580,7146,791614,2385,14758,141862,90001,12213,2303,63182,68746,199311,171597,529339,44443,568816,2674143,2200178,28741,80499,4546,3361,45405,16296,4059221,34672,47160,7263,61389,5404,1762463,2128,295797,6839,4008,8870,346219,11020,2811,18350,6110,4589,5085,9544,3188,5082,614891,103042,3206,408637,19697,1284,939,1448,1451,2722,123822,3437,13481,117322,13275,7203,46608,6566,3068,18688,17186,36590,46174,3098,3171,165462,5385,208738,37051,2477,49785,19209,54602,16288,3968,34149,11083,1730,9640,16772,3803,1138,3823,4761,49950,28257,2149,134384,84052,5119,8979,281633,6053,133680,2359,10953,23217,12044,7304,26315,8442,18736,4397,2991,181903,61134,117164,461133,19752,14272,6226,11504,12142,54410,13610,5462,96847,238582,129052,7625,15283,279365,36905,57484,2171,6682,300237,1917284,343596,21397,1750986,58409,434795,36906,10257,194603,1291125,11004,2073,15868,1769,3887,4864,3513,100894,97791,154087,26879,33602,7768,67812,12275,91617,78440,18468,25734,2672,24612,9688,8711,15809
SRR24907942,controle,3748,129039,12158,29903,2353,6087,24148,41926,4611,212511,15506,22666,5386,76370,23321,11503,60477,2671,11793,1058,8089,1249,151050,53331,121046,94386,53435,51124,1458,175707,19928,96877,2309,3180,71,4406,71053,639,11842,1162,3844,1657,5664,302,10506,512,12274,644,326,3766,18688,378,240,707,5785,734,3856,1536,1811,550,34752,13809,968,18619,1789,145,191,254,203,345,6351,325,4652,3346,1986,430,49061,5246,4537,4194,13588,24988,1351,472,1392,151854,7674,141029,189526,5490,216184,5244,24739,316,7888,17988,44065,1035,1953,12623,2400,1914,2156,2107,14188,42809,7448,39330,46473,4536,3178,177998,8624,68554,3353,15181,30550,4905,10886,21879,17462,33991,1442,11705,47438,19150,49653,50309,1465,3148,2137,2275,1939,10799,46382,17268,552716,92503,43609,1368,3448,87003,9799,21771,1274,1805,1456,220686,966,3498,16369,3463,113350,2327,2746,9594,164522,8519,1433,13451,1632,2159,3841,2926,19853,4326,7865,7973,2262,623,4388,1006,4465,31941,13815,125576,12397,88536,13571,9950,4251
